,CarName,Price,Year,KilometersDriven,Fuel Type,Location
0,Maruti Alto,"1,16,000",2010,"50,962 KM",PETROL,"GIP Mall, Noida, Delhi"
1,Tata NEXON,"7,40,000",2020,"61,698 KM",PETROL,"Metro Walk, Rohini, New Delhi"
2,Hyundai GRAND I10 NIOS,"5,99,000",2019,"76,421 KM",PETROL,"GIP Mall, Noida, Delhi"
3,Maruti S PRESSO,"3,84,000",2019,"20,792 KM",PETROL,"Parsvnath City Mall, Faridabad, Delhi"
4,Toyota Corolla Altis,"3,56,000",2011,"67,066 KM",PETROL,"Metro Walk, Rohini, New Delhi"
5,Hyundai AURA,"6,82,000",2020,"67,853 KM",CNG,"Sector-18, Noida, Delhi"
6,Maruti Vitara Brezza,"8,17,000",2019,"55,523 KM",DIESEL,"M3M Urbana, Golf Course Ext., Gurugram, Delhi"
7,Maruti Swift,"3,84,000",2015,"1,17,499 KM",DIESEL,"Spaze Platinum, Sohna Road, Gurugram, Delhi"
8,Renault Duster,"3,16,000",2014,"97,491 KM",DIESEL,"M3M Urbana, Golf Course Ext., Gurugram, Delhi"
9,Maruti Vitara Brezza,"7,90,000",2019,"50,767 KM",DIESEL,"M3M Urbana, Golf Course Ext., Gurugram, Delhi"
10,Maruti Baleno,"4,71,000",2019,"97,494 KM",PETROL,"Spaze Platinum, Sohna Road, Gurugram, Delhi"
11,Honda Amaze,"6,49,000",2019,"43,184 KM",CNG,"Chhatarpur, Delhi"
12,Maruti New Wagon-R,"4,59,000",2019,"48,404 KM",CNG,"Metro Walk, Rohini, New Delhi"
13,Hyundai Elite i20,"5,44,000",2018,"53,083 KM",PETROL,"Spaze Platinum, Sohna Road, Gurugram, Delhi"
14,Toyota Glanza,"7,86,000",2019,"37,778 KM",PETROL,"Parsvnath City Mall, Faridabad, Delhi"
15,Maruti Wagon R 1.0,"2,60,000",2014,"79,204 KM",PETROL,"Spaze Platinum, Sohna Road, Gurugram, Delhi"
16,Maruti Vitara Brezza,"7,17,000",2018,"30,549 KM",DIESEL,"Parsvnath City Mall, Faridabad, Delhi"
17,Maruti Alto K10,"3,06,000",2017,"41,428 KM",PETROL,"M3M Urbana, Golf Course Ext., Gurugram, Delhi"
18,Maruti Vitara Brezza,"7,24,000",2019,"61,307 KM",DIESEL,"M3M Urbana, Golf Course Ext., Gurugram, Delhi"
19,Maruti Wagon R 1.0,"1,81,000",2010,"61,569 KM",PETROL,"Chhatarpur, Delhi"
20,Honda Amaze,"6,46,000",2019,"37,783 KM",PETROL,"M3M Urbana, Golf Course Ext., Gurugram, Delhi"
21,Ford Ecosport,"6,36,000",2018,"79,371 KM",DIESEL,"Metro Walk, Rohini, New Delhi"
22,Maruti Swift,"5,36,000",2020,"44,817 KM",PETROL,"Metro Walk, Rohini, New Delhi"
23,Maruti Alto K10,"2,48,000",2014,"47,899 KM",PETROL,"Spaze Platinum, Sohna Road, Gurugram, Delhi"
24,Maruti Swift,"5,69,000",2018,"34,966 KM",PETROL,"Metro Walk, Rohini, New Delhi"
25,Maruti Alto 800,"2,49,000",2016,"89,634 KM",PETROL,"Parsvnath City Mall, Faridabad, Delhi"
26,Maruti Alto K10,"2,98,000",2016,"32,031 KM",PETROL,"Spaze Platinum, Sohna Road, Gurugram, Delhi"
27,Hyundai Elite i20,"5,82,000",2017,"81,711 KM",PETROL,"Parsvnath City Mall, Faridabad, Delhi"
28,Maruti Swift,"5,67,000",2018,"64,216 KM",PETROL,"Metro Walk, Rohini, New Delhi"
29,Maruti Alto 800,"3,21,400",2017,"25,868 KM",PETROL,"Metro Walk, Rohini, New Delhi"
30,Hyundai Grand i10,"3,93,000",2017,"92,995 KM",PETROL,"Metro Walk, Rohini, New Delhi"
31,Maruti Swift,"6,11,000",2018,"66,434 KM",DIESEL,"Parsvnath City Mall, Faridabad, Delhi"
32,Maruti Alto K10,"3,05,000",2017,"47,967 KM",PETROL,"Metro Walk, Rohini, New Delhi"
33,Maruti Baleno,"5,97,000",2019,"50,555 KM",PETROL,"Vasant Kunj, New Delhi"
34,Hyundai Elite i20,"6,11,000",2018,"54,617 KM",PETROL,"Metro Walk, Rohini, New Delhi"
35,Maruti Swift,"3,73,000",2013,"77,946 KM",PETROL,"Metro Walk, Rohini, New Delhi"
36,Maruti Baleno,"6,19,000",2019,"47,644 KM",PETROL,"M3M Urbana, Golf Course Ext., Gurugram, Delhi"
37,Maruti Celerio,"3,99,000",2018,"84,043 KM",CNG,"M3M Urbana, Golf Course Ext., Gurugram, Delhi"
38,Maruti Ciaz,"8,06,000",2019,"92,089 KM",DIESEL,"Metro Walk, Rohini, New Delhi"
39,Honda Amaze,"6,04,000",2019,"67,773 KM",CNG,"Spaze Platinum, Sohna Road, Gurugram, Delhi"
40,Renault Kwid,"4,57,000",2019,"15,922 KM",PETROL,"Chhatarpur, Delhi"
41,Toyota Etios Liva,"5,17,000",2019,"82,515 KM",CNG,"Spaze Platinum, Sohna Road, Gurugram, Delhi"
42,Hyundai Verna,"3,94,000",2014,"94,348 KM",PETROL,"Metro Walk, Rohini, New Delhi"
43,Maruti Celerio X,"4,80,000",2019,"20,802 KM",PETROL,"Parsvnath City Mall, Faridabad, Delhi"
44,Maruti Swift,"4,61,000",2017,"1,02,887 KM",PETROL,"Parsvnath City Mall, Faridabad, Delhi"
45,Maruti New Wagon-R,"4,92,000",2020,"76,171 KM",CNG,"Parsvnath City Mall, Faridabad, Delhi"
46,Maruti Swift Dzire,"4,13,000",2014,"1,08,939 KM",PETROL,"Metro Walk, Rohini, New Delhi"
47,Maruti Alto 800,"2,81,000",2016,"98,428 KM",PETROL,"Parsvnath City Mall, Faridabad, Delhi"
48,Maruti Swift,"3,91,000",2014,"44,060 KM",DIESEL,"Vasant Kunj, New Delhi"
49,Hyundai Elite i20,"6,34,000",2018,"30,206 KM",PETROL,"Spaze Platinum, Sohna Road, Gurugram, Delhi"
50,Maruti Celerio,"3,59,000",2017,"93,026 KM",CNG,"Metro Walk, Rohini, New Delhi"
51,Maruti Celerio,"4,62,000",2019,"1,12,479 KM",CNG,"Parsvnath City Mall, Faridabad, Delhi"
52,Hyundai Elite i20,"6,42,000",2018,"77,753 KM",PETROL,"M3M Urbana, Golf Course Ext., Gurugram, Delhi"
53,Maruti New Wagon-R,"5,16,000",2021,"77,064 KM",CNG,"Metro Walk, Rohini, New Delhi"
54,Hyundai Creta,"10,35,000",2019,"26,704 KM",PETROL,"Spaze Platinum, Sohna Road, Gurugram, Delhi"
55,Maruti Swift,"5,33,000",2019,"74,150 KM",PETROL,"Vasant Kunj, New Delhi"
56,Honda WR-V,"5,96,000",2018,"27,235 KM",PETROL,"Spaze Platinum, Sohna Road, Gurugram, Delhi"
57,Ford Ecosport,"6,44,000",2018,"99,668 KM",DIESEL,"M3M Urbana, Golf Course Ext., Gurugram, Delhi"
58,Renault TRIBER,"5,75,000",2019,"30,714 KM",PETROL,"GIP Mall, Noida, Delhi"
59,Maruti S PRESSO,"4,39,000",2021,"58,737 KM",CNG,"Vasant Kunj, New Delhi"
60,Maruti Swift,"3,25,000",2014,"68,744 KM",DIESEL,"M3M Urbana, Golf Course Ext., Gurugram, Delhi"
61,Hyundai i10,"1,56,200",2011,"62,026 KM",PETROL,"Sector-18, Noida, Delhi"
62,Hyundai AURA,"7,66,000",2021,"47,673 KM",CNG,"Spaze Platinum, Sohna Road, Gurugram, Delhi"
63,Honda City,"2,94,000",2011,"63,547 KM",PETROL,"Parsvnath City Mall, Faridabad, Delhi"
64,Honda WR-V,"8,62,000",2020,"61,360 KM",DIESEL,"Spaze Platinum, Sohna Road, Gurugram, Delhi"
65,Tata NEXON,"8,28,000",2021,"57,097 KM",DIESEL,"M3M Urbana, Golf Course Ext., Gurugram, Delhi"
66,Hyundai Creta,"9,89,000",2018,"60,036 KM",PETROL,"M3M Urbana, Golf Course Ext., Gurugram, Delhi"
67,Renault Duster,"6,48,000",2018,"93,282 KM",PETROL,"Metro Walk, Rohini, New Delhi"
68,Hyundai i10,"2,28,000",2012,"54,346 KM",PETROL,"Spaze Platinum, Sohna Road, Gurugram, Delhi"
69,Maruti IGNIS,"4,82,000",2017,"29,406 KM",PETROL,"Metro Walk, Rohini, New Delhi"
70,Maruti Alto 800,"1,93,000",2013,"47,294 KM",PETROL,"Parsvnath City Mall, Faridabad, Delhi"
71,Tata NEXON,"6,63,000",2020,"23,358 KM",PETROL,"Hindon, Sewa Nagar, Ghaziabad, Delhi"
72,Renault Kwid,"3,99,000",2020,"18,229 KM",PETROL,"Hindon, Sewa Nagar, Ghaziabad, Delhi"
73,Toyota Innova Crysta,"18,21,000",2018,"53,294 KM",DIESEL,"Sector-18, Noida, Delhi"
74,Renault Kiger,"8,23,000",2021,"6,835 KM",PETROL,"GIP Mall, Noida, Delhi"
75,Honda City,"9,04,000",2017,"63,782 KM",PETROL,"Metro Walk, Rohini, New Delhi"
76,Maruti Wagon R 1.0,"2,10,000",2011,"49,855 KM",CNG,"Vasant Kunj, New Delhi"
77,Hyundai i20 Active,"5,25,000",2017,"60,915 KM",PETROL,"GIP Mall, Noida, Delhi"
78,Maruti Baleno,"5,16,000",2019,"49,461 KM",PETROL,"Sector-18, Noida, Delhi"
79,Maruti Alto,"1,31,000",2011,"1,07,439 KM",PETROL,"M3M Urbana, Golf Course Ext., Gurugram, Delhi"
80,Honda Amaze,"6,47,000",2020,"38,872 KM",PETROL,"Sector-18, Noida, Delhi"
81,Volkswagen Vento,"8,46,000",2019,"52,858 KM",DIESEL,"Sector-18, Noida, Delhi"
82,Hyundai Xcent,"6,84,000",2018,"12,880 KM",PETROL,"Chhatarpur, Delhi"
83,Maruti Dzire,"6,31,000",2018,"21,912 KM",PETROL,"Sector-18, Noida, Delhi"
84,Honda City,"6,80,000",2016,"1,06,280 KM",CNG,"GIP Mall, Noida, Delhi"
85,Maruti Wagon R Stingray,"2,95,000",2013,"82,031 KM",PETROL,"Sector-18, Noida, Delhi"
86,Honda Amaze,"5,59,000",2018,"88,884 KM",DIESEL,"Hindon, Sewa Nagar, Ghaziabad, Delhi"
87,Maruti Zen Estilo,"1,84,000",2011,"94,270 KM",CNG,"Hindon, Sewa Nagar, Ghaziabad, Delhi"
88,Honda City,"2,35,000",2010,"71,739 KM",PETROL,"Parsvnath City Mall, Faridabad, Delhi"
89,Renault TRIBER,"5,42,000",2021,"36,758 KM",PETROL,"Hindon, Sewa Nagar, Ghaziabad, Delhi"
90,Maruti Alto 800,"1,98,000",2013,"76,659 KM",PETROL,"GIP Mall, Noida, Delhi"
91,Honda Amaze,"7,09,000",2022,"29,183 KM",PETROL,"GIP Mall, Noida, Delhi"
92,Honda City,"9,69,000",2019,"86,979 KM",PETROL,"KW Delhi 6, Raj Nagar Extension, Ghaziabad"
93,Honda WR-V,"6,30,000",2019,"68,714 KM",PETROL,"Sector-18, Noida, Delhi"
94,Hyundai Creta,"13,45,000",2020,"36,272 KM",DIESEL,"Hindon, Sewa Nagar, Ghaziabad, Delhi"
95,Tata Tiago,"4,78,000",2021,"39,232 KM",PETROL,"Hindon, Sewa Nagar, Ghaziabad, Delhi"
96,Maruti Celerio,"4,11,000",2018,"1,06,848 KM",CNG,"Metro Walk, Rohini, New Delhi"
97,Renault Kwid,"2,45,000",2017,"67,522 KM",PETROL,"Metro Walk, Rohini, New Delhi"
98,Maruti IGNIS,"6,38,000",2020,"23,051 KM",PETROL,"KW Delhi 6, Raj Nagar Extension, Ghaziabad"
99,Maruti IGNIS,"4,73,000",2017,"61,305 KM",PETROL,"KW Delhi 6, Raj Nagar Extension, Ghaziabad"
100,Maruti Alto,"3,58,000",2020,"28,756 KM",PETROL,"KW Delhi 6, Raj Nagar Extension, Ghaziabad"
101,Nissan Micra Active,"3,10,000",2018,"58,866 KM",PETROL,"Sector-18, Noida, Delhi"
102,Maruti Wagon R 1.0,"2,34,000",2012,"50,979 KM",PETROL,"KW Delhi 6, Raj Nagar Extension, Ghaziabad"
103,KIA SELTOS,"13,08,000",2020,"99,403 KM",DIESEL,"Hindon, Sewa Nagar, Ghaziabad, Delhi"
104,Hyundai i20,"2,18,400",2010,"45,708 KM",PETROL,"Sector-18, Noida, Delhi"
105,Honda WR-V,"6,66,000",2017,"81,684 KM",PETROL,"Chhatarpur, Delhi"
106,Ford Ecosport,"7,82,000",2018,"30,047 KM",PETROL,"Sector-18, Noida, Delhi"
107,Maruti Ciaz,"6,54,000",2018,"44,210 KM",CNG,"Hindon, Sewa Nagar, Ghaziabad, Delhi"
108,Hyundai Elite i20,"4,53,000",2015,"1,18,957 KM",PETROL,"Sector-18, Noida, Delhi"
109,Honda City,"7,04,000",2018,"21,452 KM",PETROL,"Sector-18, Noida, Delhi"
110,Renault Kwid,"2,94,000",2017,"67,405 KM",PETROL,"GIP Mall, Noida, Delhi"
111,Skoda Rapid,"7,67,000",2018,"73,603 KM",DIESEL,"Sector-18, Noida, Delhi"
112,Maruti Wagon R 1.0,"2,91,000",2013,"39,173 KM",CNG,"Sector-18, Noida, Delhi"
113,Maruti Alto 800,"3,18,000",2018,"68,588 KM",CNG,"M3M Urbana, Golf Course Ext., Gurugram, Delhi"
114,Honda City,"6,01,000",2016,"33,570 KM",PETROL,"Sector-18, Noida, Delhi"
115,Hyundai i20,"2,92,000",2013,"64,743 KM",PETROL,"M3M Urbana, Golf Course Ext., Gurugram, Delhi"
116,Maruti Baleno,"4,66,000",2017,"85,782 KM",PETROL,"Sector-18, Noida, Delhi"
117,Maruti Wagon R 1.0,"2,42,000",2013,"77,151 KM",PETROL,"Metro Walk, Rohini, New Delhi"
118,Tata Harrier,"12,11,000",2019,"71,440 KM",DIESEL,"KW Delhi 6, Raj Nagar Extension, Ghaziabad"
119,Hyundai Elite i20,"4,08,000",2015,"1,00,315 KM",PETROL,"GIP Mall, Noida, Delhi"
120,Datsun Go Plus,"4,62,000",2019,"27,561 KM",PETROL,"Sector-18, Noida, Delhi"
121,Datsun Go,"3,37,000",2018,"35,600 KM",PETROL,"Sector-18, Noida, Delhi"
122,Maruti Swift,"5,41,000",2019,"13,474 KM",PETROL,"Hindon, Sewa Nagar, Ghaziabad, Delhi"
123,Toyota Glanza,"6,92,000",2021,"25,009 KM",PETROL,"Hindon, Sewa Nagar, Ghaziabad, Delhi"
124,Honda City,"12,42,400",2021,"7,936 KM",PETROL,"Sector-18, Noida, Delhi"
125,Hyundai Grand i10,"3,89,000",2016,"43,216 KM",PETROL,"GIP Mall, Noida, Delhi"
126,Hyundai AURA,"7,08,000",2021,"42,682 KM",CNG,"Sector-18, Noida, Delhi"
127,Hyundai i10,"1,63,000",2011,"1,04,145 KM",PETROL,"Metro Walk, Rohini, New Delhi"
128,Maruti Dzire,"5,71,000",2018,"91,932 KM",DIESEL,"Sector-18, Noida, Delhi"
129,Toyota Corolla Altis,"3,34,000",2011,"53,670 KM",CNG,"GIP Mall, Noida, Delhi"
130,Datsun Redi Go,"2,64,000",2019,"10,777 KM",PETROL,"M3M Urbana, Golf Course Ext., Gurugram, Delhi"
131,Honda Amaze,"4,13,000",2017,"84,056 KM",PETROL,"Metro Walk, Rohini, New Delhi"
132,Maruti Baleno,"6,57,000",2019,"63,534 KM",PETROL,"Hindon, Sewa Nagar, Ghaziabad, Delhi"
133,Honda WR-V,"7,40,000",2019,"51,286 KM",DIESEL,"KW Delhi 6, Raj Nagar Extension, Ghaziabad"
134,Hyundai VENUE,"9,32,000",2020,"57,163 KM",PETROL,"Sector-18, Noida, Delhi"
135,Hyundai i20,"2,21,000",2011,"73,041 KM",PETROL,"Sector-18, Noida, Delhi"
136,Toyota Glanza,"6,58,000",2020,"69,492 KM",PETROL,"Hindon, Sewa Nagar, Ghaziabad, Delhi"
137,Honda WR-V,"5,84,000",2018,"51,594 KM",DIESEL,"GIP Mall, Noida, Delhi"
138,Maruti Swift,"2,22,000",2011,"76,904 KM",PETROL,"Sector-18, Noida, Delhi"
139,Maruti Ciaz,"6,32,000",2016,"31,761 KM",PETROL,"Sector-18, Noida, Delhi"
140,Hyundai Grand i10,"3,25,000",2015,"90,609 KM",PETROL,"GIP Mall, Noida, Delhi"
141,Renault TRIBER,"7,24,000",2022,"7,032 KM",PETROL,"Sector-18, Noida, Delhi"
142,Maruti Swift,"1,86,000",2010,"88,898 KM",PETROL,"Hindon, Sewa Nagar, Ghaziabad, Delhi"
143,Honda Brio,"2,38,000",2013,"70,498 KM",PETROL,"KW Delhi 6, Raj Nagar Extension, Ghaziabad"
144,Hyundai i10,"1,60,000",2010,"61,063 KM",PETROL,"GIP Mall, Noida, Delhi"
145,Honda City,"3,17,000",2012,"67,064 KM",PETROL,"GIP Mall, Noida, Delhi"
146,Maruti Swift,"4,72,000",2016,"51,141 KM",PETROL,"M3M Urbana, Golf Course Ext., Gurugram, Delhi"
147,Maruti Ciaz,"5,90,000",2017,"40,049 KM",PETROL,"Hindon, Sewa Nagar, Ghaziabad, Delhi"
148,Renault TRIBER,"5,02,000",2020,"1,10,490 KM",PETROL,"Sector-18, Noida, Delhi"
149,Volkswagen Vento,"7,18,000",2018,"1,05,792 KM",DIESEL,"GIP Mall, Noida, Delhi"
150,Maruti Ciaz,"5,08,000",2016,"52,971 KM",PETROL,"Hindon, Sewa Nagar, Ghaziabad, Delhi"
151,Maruti Baleno,"4,89,000",2016,"20,755 KM",PETROL,"Hindon, Sewa Nagar, Ghaziabad, Delhi"
152,Toyota Innova Crysta,"16,08,000",2018,"71,914 KM",DIESEL,"Sector-18, Noida, Delhi"
153,Honda Amaze,"5,34,000",2018,"47,914 KM",PETROL,"GIP Mall, Noida, Delhi"
154,Hyundai Grand i10,"4,17,000",2016,"55,215 KM",PETROL,"KW Delhi 6, Raj Nagar Extension, Ghaziabad"
155,Tata NEXON,"10,52,000",2022,"10,978 KM",PETROL,"KW Delhi 6, Raj Nagar Extension, Ghaziabad"
156,Hyundai Elite i20,"5,00,000",2016,"69,252 KM",PETROL,"Hindon, Sewa Nagar, Ghaziabad, Delhi"
157,Maruti Swift Dzire,"4,88,000",2017,"58,225 KM",PETROL,"GIP Mall, Noida, Delhi"
158,Maruti Ciaz,"8,05,000",2018,"75,831 KM",PETROL,"Sector-18, Noida, Delhi"
159,Maruti Alto,"3,72,000",2021,"22,928 KM",PETROL,"KW Delhi 6, Raj Nagar Extension, Ghaziabad"
160,KIA SELTOS,"10,77,000",2020,"62,670 KM",PETROL,"GIP Mall, Noida, Delhi"
161,Maruti Baleno,"4,22,000",2016,"73,102 KM",PETROL,"Vasant Kunj, New Delhi"
162,Maruti Wagon R 1.0,"1,42,000",2010,"80,982 KM",PETROL,"Vasant Kunj, New Delhi"
163,Hyundai Grand i10,"4,22,000",2016,"52,884 KM",PETROL,"Hindon, Sewa Nagar, Ghaziabad, Delhi"
164,Maruti Celerio,"3,90,000",2016,"22,761 KM",PETROL,"Hindon, Sewa Nagar, Ghaziabad, Delhi"
165,Maruti Ciaz,"5,28,000",2016,"85,765 KM",CNG,"Sector-18, Noida, Delhi"
166,Maruti BREZZA,"11,99,800",2023,"12,072 KM",PETROL,"Sector-18, Noida, Delhi"
167,Jeep Compass,"15,55,000",2019,"23,690 KM",PETROL,"Vasant Kunj, New Delhi"
168,Maruti S Cross,"10,10,000",2020,"6,260 KM",PETROL,"KW Delhi 6, Raj Nagar Extension, Ghaziabad"
169,Hyundai VENUE,"10,45,000",2019,"21,997 KM",PETROL,"Hindon, Sewa Nagar, Ghaziabad, Delhi"
170,Maruti Swift Dzire,"3,37,600",2014,"57,567 KM",PETROL,"Sector-18, Noida, Delhi"
171,Maruti Wagon R 1.0,"2,91,000",2013,"38,106 KM",PETROL,"Hindon, Sewa Nagar, Ghaziabad, Delhi"
172,Hyundai Verna,"6,05,000",2016,"50,206 KM",PETROL,"Chhatarpur, Delhi"
173,Renault Kiger,"9,27,000",2022,"13,419 KM",PETROL,"Hindon, Sewa Nagar, Ghaziabad, Delhi"
174,Volkswagen Ameo,"6,93,000",2018,"52,041 KM",DIESEL,"GIP Mall, Noida, Delhi"
175,Maruti Celerio,"4,45,000",2018,"19,717 KM",PETROL,"Spaze Platinum, Sohna Road, Gurugram, Delhi"
176,Renault Kwid,"4,62,000",2020,"22,475 KM",PETROL,"M3M Urbana, Golf Course Ext., Gurugram, Delhi"
177,Hyundai i10,"1,41,000",2010,"55,856 KM",PETROL,"KW Delhi 6, Raj Nagar Extension, Ghaziabad"
178,Maruti Baleno,"4,81,000",2016,"84,522 KM",PETROL,"M3M Urbana, Golf Course Ext., Gurugram, Delhi"
179,Tata NEXON,"8,87,000",2020,"49,718 KM",DIESEL,"M3M Urbana, Golf Course Ext., Gurugram, Delhi"
180,Maruti Vitara Brezza,"7,63,000",2019,"20,806 KM",DIESEL,"Metro Walk, Rohini, New Delhi"
181,Honda Brio,"4,31,000",2016,"30,752 KM",PETROL,"Sector-18, Noida, Delhi"
182,Hyundai Elite i20,"5,73,000",2017,"66,802 KM",CNG,"Spaze Platinum, Sohna Road, Gurugram, Delhi"
183,Maruti Baleno,"5,62,000",2017,"18,463 KM",PETROL,"Metro Walk, Rohini, New Delhi"
184,Honda Amaze,"6,41,000",2021,"16,056 KM",PETROL,"Chhatarpur, Delhi"
185,Maruti Ciaz,"7,66,000",2018,"63,816 KM",PETROL,"Chhatarpur, Delhi"
186,Maruti Dzire,"5,27,000",2018,"48,162 KM",PETROL,"Sector-18, Noida, Delhi"
187,Tata NEXON,"6,58,000",2019,"69,317 KM",PETROL,"Spaze Platinum, Sohna Road, Gurugram, Delhi"
188,Maruti Swift,"5,31,000",2019,"37,400 KM",PETROL,"M3M Urbana, Golf Course Ext., Gurugram, Delhi"
189,Maruti Vitara Brezza,"7,92,000",2019,"1,02,511 KM",DIESEL,"Parsvnath City Mall, Faridabad, Delhi"
190,Maruti Wagon R 1.0,"3,22,000",2017,"60,482 KM",CNG,"Spaze Platinum, Sohna Road, Gurugram, Delhi"
191,Maruti Baleno,"4,88,000",2017,"22,956 KM",PETROL,"Spaze Platinum, Sohna Road, Gurugram, Delhi"
192,Maruti Wagon R 1.0,"1,81,000",2011,"75,861 KM",PETROL,"Parsvnath City Mall, Faridabad, Delhi"
193,Volkswagen Vento,"2,49,000",2010,"74,369 KM",PETROL,"Vasant Kunj, New Delhi"
194,Honda Amaze,"4,45,000",2017,"31,433 KM",PETROL,"Spaze Platinum, Sohna Road, Gurugram, Delhi"
195,Maruti Baleno,"6,72,000",2020,"20,856 KM",PETROL,"Vasant Kunj, New Delhi"
196,Maruti Swift,"5,50,000",2019,"32,501 KM",PETROL,"M3M Urbana, Golf Course Ext., Gurugram, Delhi"
197,Maruti Vitara Brezza,"7,44,000",2018,"69,943 KM",DIESEL,"Metro Walk, Rohini, New Delhi"
198,Maruti New Wagon-R,"4,51,000",2019,"97,574 KM",CNG,"M3M Urbana, Golf Course Ext., Gurugram, Delhi"
199,Maruti Celerio,"3,64,000",2016,"98,397 KM",PETROL,"Spaze Platinum, Sohna Road, Gurugram, Delhi"
200,Maruti Swift,"4,26,000",2016,"58,408 KM",PETROL,"Parsvnath City Mall, Faridabad, Delhi"
201,Jeep Compass,"15,15,000",2019,"8,541 KM",DIESEL,"Sector-18, Noida, Delhi"
202,Renault Kwid,"5,48,000",2022,"16,209 KM",PETROL,"Metro Walk, Rohini, New Delhi"
203,Maruti XL6,"9,10,000",2019,"61,577 KM",PETROL,"Parsvnath City Mall, Faridabad, Delhi"
204,Honda City,"6,06,000",2015,"71,136 KM",PETROL,"Metro Walk, Rohini, New Delhi"
205,Maruti Ciaz,"7,57,000",2018,"39,325 KM",PETROL,"M3M Urbana, Golf Course Ext., Gurugram, Delhi"
206,Tata Harrier,"13,37,000",2019,"52,860 KM",DIESEL,"M3M Urbana, Golf Course Ext., Gurugram, Delhi"
207,Hyundai Creta,"7,06,000",2015,"62,617 KM",PETROL,"M3M Urbana, Golf Course Ext., Gurugram, Delhi"
208,Maruti IGNIS,"5,05,000",2022,"29,120 KM",PETROL,"Spaze Platinum, Sohna Road, Gurugram, Delhi"
209,Maruti IGNIS,"4,90,000",2021,"12,872 KM",PETROL,"Vasant Kunj, New Delhi"
210,Maruti Baleno,"5,69,000",2018,"89,202 KM",DIESEL,"Vasant Kunj, New Delhi"
211,Maruti Baleno,"4,92,000",2018,"49,010 KM",PETROL,"Hindon, Sewa Nagar, Ghaziabad, Delhi"
212,Honda WR-V,"7,95,000",2020,"89,969 KM",DIESEL,"Parsvnath City Mall, Faridabad, Delhi"
213,Maruti Wagon R 1.0,"3,05,000",2015,"65,977 KM",PETROL,"Parsvnath City Mall, Faridabad, Delhi"
214,Hyundai Grand i10,"4,43,000",2016,"29,435 KM",CNG,"Chhatarpur, Delhi"
215,Maruti Baleno,"6,64,000",2019,"36,861 KM",PETROL,"M3M Urbana, Golf Course Ext., Gurugram, Delhi"
216,Honda Amaze,"4,02,000",2016,"1,08,133 KM",PETROL,"Vasant Kunj, New Delhi"
217,Hyundai Creta,"7,47,000",2016,"57,437 KM",PETROL,"Metro Walk, Rohini, New Delhi"
218,Maruti New Wagon-R,"4,30,000",2019,"90,671 KM",CNG,"Sector-18, Noida, Delhi"
219,Hyundai GRAND I10 NIOS,"6,86,000",2020,"18,253 KM",PETROL,"Chhatarpur, Delhi"
220,Hyundai Grand i10,"3,78,000",2015,"38,280 KM",PETROL,"KW Delhi 6, Raj Nagar Extension, Ghaziabad"
221,Tata Tiago,"7,19,000",2022,"17,447 KM",CNG,"Spaze Platinum, Sohna Road, Gurugram, Delhi"
222,KIA SELTOS,"12,00,000",2020,"82,433 KM",DIESEL,"Metro Walk, Rohini, New Delhi"
223,Maruti Swift,"2,45,000",2011,"21,840 KM",PETROL,"Spaze Platinum, Sohna Road, Gurugram, Delhi"
224,Honda WR-V,"6,67,000",2017,"85,482 KM",PETROL,"Metro Walk, Rohini, New Delhi"
225,Honda Accord,"3,21,000",2010,"49,785 KM",PETROL,"Spaze Platinum, Sohna Road, Gurugram, Delhi"
226,MG HECTOR,"17,92,000",2022,"6,493 KM",PETROL,"Sector-18, Noida, Delhi"
227,Ford Ecosport,"6,53,000",2018,"92,274 KM",DIESEL,"Metro Walk, Rohini, New Delhi"
228,Honda Brio,"2,90,000",2014,"99,665 KM",PETROL,"Metro Walk, Rohini, New Delhi"
229,Maruti IGNIS,"4,35,000",2017,"50,688 KM",PETROL,"Metro Walk, Rohini, New Delhi"
230,Jeep Compass,"15,57,000",2019,"35,191 KM",DIESEL,"Metro Walk, Rohini, New Delhi"
231,Tata PUNCH,"6,23,000",2022,"21,566 KM",PETROL,"Parsvnath City Mall, Faridabad, Delhi"
232,Maruti Wagon R 1.0,"1,96,000",2012,"89,199 KM",PETROL,"Chhatarpur, Delhi"
233,Maruti Baleno,"4,79,000",2017,"65,537 KM",PETROL,"M3M Urbana, Golf Course Ext., Gurugram, Delhi"
234,Nissan MAGNITE,"5,20,000",2021,"21,845 KM",PETROL,"Metro Walk, Rohini, New Delhi"
235,Maruti Baleno,"5,17,000",2017,"25,403 KM",PETROL,"Metro Walk, Rohini, New Delhi"
236,Honda City,"6,77,000",2016,"81,296 KM",PETROL,"Vasant Kunj, New Delhi"
237,KIA SONET,"9,97,000",2020,"31,778 KM",DIESEL,"Parsvnath City Mall, Faridabad, Delhi"
238,Honda BR-V,"5,88,000",2017,"66,531 KM",PETROL,"Metro Walk, Rohini, New Delhi"
239,Honda City,"7,14,000",2016,"78,853 KM",PETROL,"Metro Walk, Rohini, New Delhi"
240,Maruti New Wagon-R,"6,94,000",2023,"3,524 KM",PETROL,"M3M Urbana, Golf Course Ext., Gurugram, Delhi"
241,Maruti BREZZA,"10,99,000",2022,"17,103 KM",PETROL,"Spaze Platinum, Sohna Road, Gurugram, Delhi"
242,Tata ALTROZ,"7,21,500",2021,"14,640 KM",DIESEL,"Parsvnath City Mall, Faridabad, Delhi"
243,Honda Jazz,"4,70,000",2016,"62,526 KM",CNG,"Parsvnath City Mall, Faridabad, Delhi"
244,Maruti Celerio,"3,28,000",2016,"46,987 KM",PETROL,"M3M Urbana, Golf Course Ext., Gurugram, Delhi"
245,Renault TRIBER,"6,87,000",2022,"13,915 KM",PETROL,"Metro Walk, Rohini, New Delhi"
246,Maruti Celerio,"3,96,000",2018,"79,923 KM",CNG,"Parsvnath City Mall, Faridabad, Delhi"
247,Maruti New Wagon-R,"4,63,000",2019,"29,548 KM",PETROL,"Parsvnath City Mall, Faridabad, Delhi"
248,Maruti Baleno,"5,83,000",2020,"61,006 KM",CNG,"Parsvnath City Mall, Faridabad, Delhi"
249,Maruti Ertiga,"5,64,000",2014,"43,526 KM",PETROL,"Spaze Platinum, Sohna Road, Gurugram, Delhi"
250,Hyundai Verna,"9,28,000",2019,"38,986 KM",DIESEL,"Parsvnath City Mall, Faridabad, Delhi"
251,Honda City,"5,16,000",2015,"1,09,081 KM",PETROL,"Vasant Kunj, New Delhi"
252,Maruti Baleno,"5,68,000",2020,"62,365 KM",PETROL,"Parsvnath City Mall, Faridabad, Delhi"
253,Tata NEXON,"11,84,000",2022,"24,562 KM",DIESEL,"Spaze Platinum, Sohna Road, Gurugram, Delhi"
254,Honda Amaze,"6,85,000",2021,"27,642 KM",PETROL,"Parsvnath City Mall, Faridabad, Delhi"
255,Honda City,"3,88,000",2013,"74,017 KM",PETROL,"Metro Walk, Rohini, New Delhi"
256,Datsun Redi Go,"2,20,000",2018,"59,771 KM",PETROL,"Sector-18, Noida, Delhi"
257,Maruti Alto K10,"3,53,000",2018,"24,278 KM",PETROL,"Parsvnath City Mall, Faridabad, Delhi"
258,Maruti Baleno,"5,79,000",2019,"30,519 KM",PETROL,"Metro Walk, Rohini, New Delhi"
259,Maruti Ritz,"1,92,000",2012,"44,382 KM",PETROL,"M3M Urbana, Golf Course Ext., Gurugram, Delhi"
260,Maruti IGNIS,"4,30,000",2018,"22,480 KM",PETROL,"M3M Urbana, Golf Course Ext., Gurugram, Delhi"
261,Maruti Alto 800,"2,36,000",2015,"42,602 KM",PETROL,"Chhatarpur, Delhi"
262,Hyundai NEW SANTRO,"4,33,000",2019,"24,043 KM",PETROL,"M3M Urbana, Golf Course Ext., Gurugram, Delhi"
263,Hyundai VENUE,"7,74,000",2020,"42,506 KM",DIESEL,"Spaze Platinum, Sohna Road, Gurugram, Delhi"
264,Maruti Alto K10,"3,33,000",2019,"54,914 KM",CNG,"Parsvnath City Mall, Faridabad, Delhi"
265,Honda City,"8,62,000",2018,"31,071 KM",PETROL,"M3M Urbana, Golf Course Ext., Gurugram, Delhi"
266,Honda Jazz,"5,71,000",2018,"75,402 KM",PETROL,"Spaze Platinum, Sohna Road, Gurugram, Delhi"
267,Ford Ecosport,"8,71,000",2020,"70,225 KM",PETROL,"Metro Walk, Rohini, New Delhi"
268,KIA CARENS,"14,67,000",2022,"13,537 KM",PETROL,"Spaze Platinum, Sohna Road, Gurugram, Delhi"
269,Maruti Ciaz,"5,09,000",2014,"82,759 KM",CNG,"Hindon, Sewa Nagar, Ghaziabad, Delhi"
270,Maruti New Wagon-R,"4,11,000",2020,"90,934 KM",CNG,"Spaze Platinum, Sohna Road, Gurugram, Delhi"
271,Hyundai NEW SANTRO,"5,35,000",2019,"71,016 KM",CNG,"Parsvnath City Mall, Faridabad, Delhi"
272,Tata ALTROZ,"5,85,000",2021,"26,438 KM",PETROL,"Spaze Platinum, Sohna Road, Gurugram, Delhi"
273,Toyota Etios,"3,71,000",2015,"1,00,955 KM",PETROL,"Sector-18, Noida, Delhi"
274,Maruti IGNIS,"3,90,000",2017,"23,727 KM",PETROL,"Metro Walk, Rohini, New Delhi"
275,Hyundai AURA,"7,33,000",2021,"56,413 KM",CNG,"M3M Urbana, Golf Course Ext., Gurugram, Delhi"
276,Mahindra XUV 3OO,"9,73,000",2022,"30,211 KM",DIESEL,"Hindon, Sewa Nagar, Ghaziabad, Delhi"
277,Maruti Swift,"4,33,000",2017,"71,763 KM",PETROL,"Spaze Platinum, Sohna Road, Gurugram, Delhi"
278,Hyundai VENUE,"9,08,000",2019,"43,903 KM",PETROL,"Spaze Platinum, Sohna Road, Gurugram, Delhi"
279,Maruti Swift Dzire,"1,74,000",2010,"55,536 KM",PETROL,"Sector-18, Noida, Delhi"
280,Hyundai Grand i10,"5,05,000",2018,"4,601 KM",PETROL,"Sector-18, Noida, Delhi"
281,Maruti Swift,"4,22,000",2017,"36,973 KM",PETROL,"Hindon, Sewa Nagar, Ghaziabad, Delhi"
282,Maruti A Star,"2,74,500",2013,"52,925 KM",PETROL,"M3M Urbana, Golf Course Ext., Gurugram, Delhi"
283,Honda City,"6,90,000",2016,"40,718 KM",PETROL,"Sector-18, Noida, Delhi"
284,Maruti Baleno,"5,47,000",2018,"57,129 KM",PETROL,"Parsvnath City Mall, Faridabad, Delhi"
285,Honda WR-V,"7,25,000",2019,"72,309 KM",CNG,"Metro Walk, Rohini, New Delhi"
286,Volkswagen VIRTUS,"15,30,000",2023,"13,013 KM",PETROL,"KW Delhi 6, Raj Nagar Extension, Ghaziabad"
287,Mahindra Bolero,"8,11,000",2020,"39,995 KM",DIESEL,"KW Delhi 6, Raj Nagar Extension, Ghaziabad"
288,Maruti Alto,"3,39,000",2020,"73,677 KM",PETROL,"GIP Mall, Noida, Delhi"
289,Volkswagen Polo,"3,29,000",2015,"86,447 KM",PETROL,"Metro Walk, Rohini, New Delhi"
290,Renault Kwid,"4,14,000",2021,"24,136 KM",PETROL,"Sector-18, Noida, Delhi"
291,Hyundai Grand i10,"4,01,000",2016,"62,111 KM",PETROL,"KW Delhi 6, Raj Nagar Extension, Ghaziabad"
292,Maruti Baleno,"6,14,000",2019,"24,602 KM",PETROL,"Vasant Kunj, New Delhi"
293,Maruti S PRESSO,"3,85,000",2020,"23,168 KM",PETROL,"Hindon, Sewa Nagar, Ghaziabad, Delhi"
294,Hyundai Verna,"6,34,000",2016,"67,464 KM",DIESEL,"Sector-18, Noida, Delhi"
295,Maruti Ertiga,"5,19,000",2015,"1,19,680 KM",PETROL,"Vasant Kunj, New Delhi"
296,Ford New Figo,"5,58,000",2020,"66,583 KM",CNG,"M3M Urbana, Golf Course Ext., Gurugram, Delhi"
297,Maruti Celerio,"4,05,000",2018,"92,325 KM",CNG,"Metro Walk, Rohini, New Delhi"
298,Hyundai Grand i10,"4,41,000",2018,"35,828 KM",PETROL,"KW Delhi 6, Raj Nagar Extension, Ghaziabad"
299,Honda City,"3,10,000",2012,"84,108 KM",PETROL,"Sector-18, Noida, Delhi"
300,Hyundai Grand i10,"4,60,000",2017,"70,972 KM",PETROL,"Sector-18, Noida, Delhi"
301,Toyota URBAN CRUISER,"9,18,000",2021,"58,765 KM",PETROL,"Metro Walk, Rohini, New Delhi"
302,Renault TRIBER,"7,36,000",2022,"16,813 KM",PETROL,"KW Delhi 6, Raj Nagar Extension, Ghaziabad"
303,Maruti Baleno,"4,88,000",2016,"94,499 KM",PETROL,"Vasant Kunj, New Delhi"
304,Tata ALTROZ,"8,76,000",2022,"19,921 KM",PETROL,"Metro Walk, Rohini, New Delhi"
305,Maruti Swift,"5,87,000",2019,"75,236 KM",DIESEL,"Hindon, Sewa Nagar, Ghaziabad, Delhi"
306,Hyundai VENUE,"9,88,000",2019,"23,234 KM",PETROL,"Vasant Kunj, New Delhi"
307,Hyundai i20,"3,48,000",2014,"72,903 KM",PETROL,"Sector-18, Noida, Delhi"
308,KIA SELTOS,"10,39,000",2019,"70,292 KM",DIESEL,"Sector-18, Noida, Delhi"
309,Tata Tiago,"5,11,000",2021,"19,811 KM",PETROL,"Sector-18, Noida, Delhi"
310,Maruti Ciaz,"6,79,000",2019,"29,579 KM",PETROL,"KW Delhi 6, Raj Nagar Extension, Ghaziabad"
311,Maruti Swift,"3,15,000",2013,"80,824 KM",PETROL,"M3M Urbana, Golf Course Ext., Gurugram, Delhi"
312,Maruti Swift,"4,22,000",2015,"75,206 KM",PETROL,"GIP Mall, Noida, Delhi"
313,Honda WR-V,"6,07,000",2017,"24,349 KM",PETROL,"Hindon, Sewa Nagar, Ghaziabad, Delhi"
314,Maruti S PRESSO,"4,65,000",2021,"62,657 KM",CNG,"Spaze Platinum, Sohna Road, Gurugram, Delhi"
315,Hyundai Xcent,"4,62,000",2017,"58,147 KM",PETROL,"KW Delhi 6, Raj Nagar Extension, Ghaziabad"
316,Honda City,"2,67,000",2011,"61,205 KM",PETROL,"Parsvnath City Mall, Faridabad, Delhi"
317,Honda City,"6,40,000",2015,"76,854 KM",CNG,"Parsvnath City Mall, Faridabad, Delhi"
318,Hyundai Creta,"9,08,000",2017,"90,347 KM",PETROL,"GIP Mall, Noida, Delhi"
319,Volkswagen Vento,"7,28,000",2018,"43,119 KM",PETROL,"Sector-18, Noida, Delhi"
320,Toyota Innova Crysta,"15,96,000",2018,"64,856 KM",DIESEL,"Hindon, Sewa Nagar, Ghaziabad, Delhi"
321,Maruti Swift,"6,26,000",2018,"60,589 KM",PETROL,"Hindon, Sewa Nagar, Ghaziabad, Delhi"
322,Maruti Celerio,"2,71,000",2016,"76,510 KM",PETROL,"GIP Mall, Noida, Delhi"
323,Datsun Redi Go,"2,75,000",2018,"66,738 KM",PETROL,"Sector-18, Noida, Delhi"
324,Ford Ecosport,"5,60,000",2017,"76,676 KM",PETROL,"Chhatarpur, Delhi"
325,Tata TIGOR,"7,28,000",2022,"10,380 KM",PETROL,"GIP Mall, Noida, Delhi"
326,Ford Ecosport,"7,89,000",2018,"34,365 KM",PETROL,"Sector-18, Noida, Delhi"
327,Maruti Celerio X,"5,15,000",2018,"27,074 KM",PETROL,"KW Delhi 6, Raj Nagar Extension, Ghaziabad"
328,Maruti Celerio,"3,51,000",2017,"56,513 KM",PETROL,"Sector-18, Noida, Delhi"
329,Renault Kiger,"7,50,000",2021,"17,632 KM",PETROL,"GIP Mall, Noida, Delhi"
330,Maruti Ertiga,"5,81,000",2014,"1,10,646 KM",CNG,"Metro Walk, Rohini, New Delhi"
331,Hyundai Creta,"8,77,000",2016,"30,635 KM",PETROL,"Hindon, Sewa Nagar, Ghaziabad, Delhi"
332,Tata Tiago,"7,44,000",2020,"9,745 KM",PETROL,"Hindon, Sewa Nagar, Ghaziabad, Delhi"
333,Jeep Compass,"12,03,000",2019,"54,953 KM",DIESEL,"Sector-18, Noida, Delhi"
334,Ford Figo Aspire,"5,08,000",2019,"64,668 KM",PETROL,"Hindon, Sewa Nagar, Ghaziabad, Delhi"
335,Maruti New Wagon-R,"4,82,000",2021,"23,086 KM",PETROL,"M3M Urbana, Golf Course Ext., Gurugram, Delhi"
336,Hyundai i10,"2,14,000",2011,"76,894 KM",PETROL,"Parsvnath City Mall, Faridabad, Delhi"
337,Ford Ecosport,"8,92,000",2020,"37,527 KM",DIESEL,"Hindon, Sewa Nagar, Ghaziabad, Delhi"
338,Hyundai Grand i10,"4,12,000",2015,"15,806 KM",PETROL,"KW Delhi 6, Raj Nagar Extension, Ghaziabad"
339,Maruti Vitara Brezza,"6,70,000",2019,"82,183 KM",DIESEL,"KW Delhi 6, Raj Nagar Extension, Ghaziabad"
340,KIA SELTOS,"11,64,000",2020,"29,540 KM",DIESEL,"Sector-18, Noida, Delhi"
341,Maruti Swift,"4,29,000",2015,"64,579 KM",PETROL,"GIP Mall, Noida, Delhi"
342,Maruti Celerio,"3,92,000",2020,"91,970 KM",PETROL,"KW Delhi 6, Raj Nagar Extension, Ghaziabad"
343,Hyundai Grand i10,"4,51,000",2017,"34,006 KM",PETROL,"KW Delhi 6, Raj Nagar Extension, Ghaziabad"
344,Volkswagen Polo,"1,94,700",2010,"88,686 KM",PETROL,"Metro Walk, Rohini, New Delhi"
345,Honda City,"12,86,000",2021,"34,382 KM",PETROL,"GIP Mall, Noida, Delhi"
346,Jeep Compass,"10,77,000",2019,"76,285 KM",PETROL,"Metro Walk, Rohini, New Delhi"
347,Honda Amaze,"5,72,000",2020,"72,038 KM",PETROL,"Metro Walk, Rohini, New Delhi"
348,Maruti Alto,"4,77,700",2022,"18,468 KM",CNG,"Hindon, Sewa Nagar, Ghaziabad, Delhi"
349,Maruti Celerio,"3,78,000",2016,"56,721 KM",PETROL,"Vasant Kunj, New Delhi"
350,Tata TIGOR,"5,90,000",2019,"65,240 KM",PETROL,"Chhatarpur, Delhi"
351,Hyundai Grand i10,"4,44,000",2017,"78,209 KM",PETROL,"Spaze Platinum, Sohna Road, Gurugram, Delhi"
352,Hyundai Grand i10,"3,67,000",2014,"68,317 KM",PETROL,"Sector-18, Noida, Delhi"
353,Tata Tiago,"7,20,000",2022,"52,907 KM",CNG,"Hindon, Sewa Nagar, Ghaziabad, Delhi"
354,Hyundai i10,"1,63,000",2011,"74,520 KM",PETROL,"Chhatarpur, Delhi"
355,Ford Ecosport,"5,21,000",2015,"88,710 KM",PETROL,"Hindon, Sewa Nagar, Ghaziabad, Delhi"
356,Maruti Celerio,"3,72,000",2016,"57,120 KM",PETROL,"KW Delhi 6, Raj Nagar Extension, Ghaziabad"
357,Ford Ecosport,"6,07,000",2016,"58,716 KM",PETROL,"Sector-18, Noida, Delhi"
358,Mahindra XUV500,"8,55,000",2018,"94,212 KM",DIESEL,"Sector-18, Noida, Delhi"
359,Tata Tiago,"6,89,000",2022,"36,971 KM",CNG,"Hindon, Sewa Nagar, Ghaziabad, Delhi"
360,Maruti Baleno,"4,99,000",2017,"56,740 KM",PETROL,"Parsvnath City Mall, Faridabad, Delhi"
361,Hyundai i10,"2,15,000",2011,"73,795 KM",PETROL,"KW Delhi 6, Raj Nagar Extension, Ghaziabad"
362,Datsun Redi Go,"2,63,000",2017,"28,950 KM",PETROL,"Sector-18, Noida, Delhi"
363,Honda Amaze,"4,13,000",2017,"65,945 KM",PETROL,"Sector-18, Noida, Delhi"
364,Honda Amaze,"3,74,000",2017,"97,677 KM",PETROL,"Metro Walk, Rohini, New Delhi"
365,Maruti Dzire,"8,63,000",2022,"19,004 KM",CNG,"Sector-18, Noida, Delhi"
366,Mahindra XUV 3OO,"7,52,000",2019,"44,921 KM",DIESEL,"Hindon, Sewa Nagar, Ghaziabad, Delhi"
367,Honda WR-V,"6,82,000",2018,"85,959 KM",DIESEL,"Sector-18, Noida, Delhi"
368,Maruti New Wagon-R,"4,34,000",2020,"87,347 KM",CNG,"Metro Walk, Rohini, New Delhi"
369,Volkswagen Polo,"6,86,000",2020,"96,440 KM",PETROL,"GIP Mall, Noida, Delhi"
370,Maruti Alto,"3,34,000",2019,"6,664 KM",PETROL,"Hindon, Sewa Nagar, Ghaziabad, Delhi"
371,Hyundai Elite i20,"5,25,000",2016,"58,415 KM",PETROL,"Hindon, Sewa Nagar, Ghaziabad, Delhi"
372,Ford Ecosport,"7,34,000",2018,"63,170 KM",PETROL,"M3M Urbana, Golf Course Ext., Gurugram, Delhi"
373,Maruti Alto K10,"1,47,000",2011,"49,482 KM",PETROL,"GIP Mall, Noida, Delhi"
374,Mahindra XUV 3OO,"11,38,000",2021,"17,961 KM",DIESEL,"Hindon, Sewa Nagar, Ghaziabad, Delhi"
375,Mahindra XUV500,"9,18,000",2018,"1,12,969 KM",DIESEL,"Spaze Platinum, Sohna Road, Gurugram, Delhi"
376,Honda City,"7,11,000",2017,"1,02,713 KM",PETROL,"Sector-18, Noida, Delhi"
377,Maruti Swift Dzire,"3,80,000",2015,"99,300 KM",PETROL,"M3M Urbana, Golf Course Ext., Gurugram, Delhi"
378,Maruti Baleno,"4,96,000",2016,"97,811 KM",PETROL,"Vasant Kunj, New Delhi"
379,Tata NEXON,"6,04,000",2018,"17,747 KM",PETROL,"KW Delhi 6, Raj Nagar Extension, Ghaziabad"
380,Honda Amaze,"4,71,000",2018,"51,809 KM",PETROL,"Sector-18, Noida, Delhi"
381,Maruti A Star,"1,88,000",2011,"55,566 KM",PETROL,"Hindon, Sewa Nagar, Ghaziabad, Delhi"
382,Maruti Swift Dzire,"3,96,000",2015,"31,059 KM",PETROL,"GIP Mall, Noida, Delhi"
383,Mahindra XUV500,"12,98,000",2019,"40,398 KM",DIESEL,"Sector-18, Noida, Delhi"
384,Hyundai i10,"1,78,000",2010,"39,838 KM",PETROL,"Vasant Kunj, New Delhi"
385,Maruti Wagon R 1.0,"2,61,000",2013,"80,161 KM",PETROL,"Sector-18, Noida, Delhi"
386,Honda Civic,"18,72,000",2020,"22,967 KM",DIESEL,"Sector-18, Noida, Delhi"
387,Maruti Swift Dzire,"2,01,500",2010,"62,967 KM",PETROL,"Sector-18, Noida, Delhi"
388,Maruti Vitara Brezza,"7,71,000",2018,"66,175 KM",DIESEL,"Metro Walk, Rohini, New Delhi"
389,Ford FREESTYLE,"5,24,000",2018,"86,349 KM",DIESEL,"Sector-18, Noida, Delhi"
390,Honda City,"5,63,000",2014,"87,313 KM",PETROL,"Sector-18, Noida, Delhi"
391,Maruti Swift,"2,93,000",2012,"73,568 KM",PETROL,"KW Delhi 6, Raj Nagar Extension, Ghaziabad"
392,Maruti Baleno,"6,31,000",2019,"22,016 KM",PETROL,"Chhatarpur, Delhi"
393,Maruti Alto,"1,47,000",2011,"48,387 KM",PETROL,"KW Delhi 6, Raj Nagar Extension, Ghaziabad"
394,Maruti XL6,"9,93,000",2019,"47,082 KM",PETROL,"GIP Mall, Noida, Delhi"
395,Honda Amaze,"7,03,000",2019,"35,459 KM",PETROL,"Hindon, Sewa Nagar, Ghaziabad, Delhi"
396,Maruti Dzire,"7,46,000",2019,"84,007 KM",DIESEL,"Vasant Kunj, New Delhi"
397,Hyundai Creta,"10,10,000",2018,"85,031 KM",PETROL,"Hindon, Sewa Nagar, Ghaziabad, Delhi"
398,Hyundai Grand i10,"5,42,000",2018,"63,838 KM",PETROL,"Metro Walk, Rohini, New Delhi"
399,Honda Amaze,"3,59,000",2015,"92,348 KM",PETROL,"Chhatarpur, Delhi"
400,Hyundai GRAND I10 NIOS,"6,95,000",2021,"42,116 KM",CNG,"Sector-18, Noida, Delhi"
401,Maruti Swift,"5,07,000",2017,"42,019 KM",PETROL,"Hindon, Sewa Nagar, Ghaziabad, Delhi"
402,Hyundai Elite i20,"6,22,000",2016,"61,222 KM",PETROL,"GIP Mall, Noida, Delhi"
403,Maruti Swift Dzire,"2,03,000",2011,"71,515 KM",PETROL,"GIP Mall, Noida, Delhi"
404,Maruti Baleno,"5,37,000",2018,"1,06,711 KM",PETROL,"KW Delhi 6, Raj Nagar Extension, Ghaziabad"
405,Honda City,"7,14,000",2016,"42,180 KM",PETROL,"Metro Walk, Rohini, New Delhi"
406,Toyota Glanza,"8,69,000",2021,"11,428 KM",PETROL,"GIP Mall, Noida, Delhi"
407,Maruti Swift,"4,73,000",2019,"52,654 KM",PETROL,"Sector-18, Noida, Delhi"
408,Mahindra XUV500,"9,12,000",2018,"75,908 KM",DIESEL,"Sector-18, Noida, Delhi"
409,Hyundai i20,"2,33,600",2011,"40,739 KM",PETROL,"Hindon, Sewa Nagar, Ghaziabad, Delhi"
410,Maruti Vitara Brezza,"7,34,000",2018,"89,578 KM",DIESEL,"Sector-18, Noida, Delhi"
411,Honda City,"8,74,000",2017,"58,193 KM",PETROL,"KW Delhi 6, Raj Nagar Extension, Ghaziabad"
412,Honda Amaze,"7,92,000",2020,"14,553 KM",PETROL,"Metro Walk, Rohini, New Delhi"
413,Honda Brio,"2,31,000",2013,"76,756 KM",PETROL,"GIP Mall, Noida, Delhi"
414,Hyundai Creta,"6,99,000",2015,"51,205 KM",PETROL,"Chhatarpur, Delhi"
415,Hyundai Creta,"8,35,000",2017,"89,823 KM",PETROL,"M3M Urbana, Golf Course Ext., Gurugram, Delhi"
416,Honda City,"7,02,000",2017,"56,359 KM",PETROL,"Parsvnath City Mall, Faridabad, Delhi"
417,Honda Amaze,"8,33,000",2022,"14,041 KM",PETROL,"Sector-18, Noida, Delhi"
418,Toyota URBAN CRUISER,"8,67,000",2021,"22,809 KM",PETROL,"Sector-18, Noida, Delhi"
419,Maruti BREZZA,"11,98,000",2023,"11,610 KM",PETROL,"KW Delhi 6, Raj Nagar Extension, Ghaziabad"
420,Maruti Ciaz,"6,60,000",2017,"44,150 KM",PETROL,"Sector-18, Noida, Delhi"
421,Maruti Wagon R 1.0,"2,76,000",2015,"84,518 KM",PETROL,"Sector-18, Noida, Delhi"
422,Maruti Baleno,"5,91,000",2017,"26,451 KM",PETROL,"Hindon, Sewa Nagar, Ghaziabad, Delhi"
423,Maruti Baleno,"6,04,000",2019,"41,331 KM",PETROL,"Spaze Platinum, Sohna Road, Gurugram, Delhi"
424,Honda WR-V,"7,17,000",2017,"38,192 KM",PETROL,"Sector-18, Noida, Delhi"
425,Maruti Celerio,"4,00,000",2016,"53,338 KM",PETROL,"M3M Urbana, Golf Course Ext., Gurugram, Delhi"
426,Maruti Celerio,"4,33,000",2019,"39,403 KM",PETROL,"GIP Mall, Noida, Delhi"
427,Maruti Baleno,"5,41,000",2017,"83,136 KM",PETROL,"GIP Mall, Noida, Delhi"
428,Maruti Swift,"2,62,000",2012,"54,412 KM",PETROL,"Sector-18, Noida, Delhi"
429,Honda Jazz,"5,69,000",2017,"93,616 KM",PETROL,"KW Delhi 6, Raj Nagar Extension, Ghaziabad"
430,KIA SELTOS,"10,05,000",2020,"35,087 KM",PETROL,"Sector-18, Noida, Delhi"
431,Hyundai GRAND I10 NIOS,"7,94,000",2022,"42,466 KM",DIESEL,"Parsvnath City Mall, Faridabad, Delhi"
432,Toyota URBAN CRUISER,"8,42,000",2021,"61,959 KM",PETROL,"Hindon, Sewa Nagar, Ghaziabad, Delhi"
433,Honda Jazz,"5,49,000",2017,"79,328 KM",PETROL,"Hindon, Sewa Nagar, Ghaziabad, Delhi"
434,Maruti Swift,"5,03,000",2020,"35,647 KM",PETROL,"Sector-18, Noida, Delhi"
435,Tata TIGOR,"6,55,000",2021,"38,511 KM",PETROL,"Sector-18, Noida, Delhi"
436,Maruti Baleno,"5,60,000",2018,"99,901 KM",PETROL,"Parsvnath City Mall, Faridabad, Delhi"
437,Honda City,"7,57,000",2018,"80,673 KM",PETROL,"Hindon, Sewa Nagar, Ghaziabad, Delhi"
438,Maruti Celerio,"3,82,000",2015,"32,068 KM",PETROL,"Vasant Kunj, New Delhi"
439,Hyundai Creta,"7,59,000",2017,"57,613 KM",PETROL,"KW Delhi 6, Raj Nagar Extension, Ghaziabad"
440,Maruti Baleno,"5,07,000",2019,"32,804 KM",PETROL,"GIP Mall, Noida, Delhi"
441,Maruti Alto K10,"3,19,000",2017,"35,495 KM",PETROL,"Parsvnath City Mall, Faridabad, Delhi"
442,Maruti Baleno,"5,25,000",2017,"42,531 KM",PETROL,"Spaze Platinum, Sohna Road, Gurugram, Delhi"
443,Nissan MAGNITE,"9,93,000",2022,"39,698 KM",PETROL,"Chhatarpur, Delhi"
444,Maruti Baleno,"4,59,000",2016,"77,611 KM",PETROL,"Spaze Platinum, Sohna Road, Gurugram, Delhi"
445,Maruti Celerio,"4,97,000",2019,"39,547 KM",PETROL,"Metro Walk, Rohini, New Delhi"
446,Maruti Alto K10,"2,37,000",2014,"36,364 KM",PETROL,"Parsvnath City Mall, Faridabad, Delhi"
447,Toyota Etios,"6,04,000",2018,"23,654 KM",PETROL,"Hindon, Sewa Nagar, Ghaziabad, Delhi"
448,Ford Ecosport,"6,00,000",2017,"70,115 KM",CNG,"Metro Walk, Rohini, New Delhi"
449,Maruti Swift,"3,34,000",2013,"67,305 KM",CNG,"KW Delhi 6, Raj Nagar Extension, Ghaziabad"
450,Hyundai AURA,"7,58,000",2022,"10,401 KM",CNG,"Metro Walk, Rohini, New Delhi"
451,Hyundai i10,"1,65,000",2011,"38,095 KM",PETROL,"Parsvnath City Mall, Faridabad, Delhi"
452,Ford Ecosport,"8,60,000",2019,"40,738 KM",PETROL,"Hindon, Sewa Nagar, Ghaziabad, Delhi"
453,Maruti Alto K10,"2,58,000",2014,"28,092 KM",PETROL,"GIP Mall, Noida, Delhi"
454,Hyundai Grand i10,"4,20,000",2017,"45,674 KM",PETROL,"GIP Mall, Noida, Delhi"
455,Honda Brio,"2,41,000",2013,"56,545 KM",PETROL,"Parsvnath City Mall, Faridabad, Delhi"
456,Honda Amaze,"6,02,000",2018,"89,580 KM",DIESEL,"Vasant Kunj, New Delhi"
457,Maruti Dzire,"5,83,000",2019,"30,444 KM",PETROL,"Spaze Platinum, Sohna Road, Gurugram, Delhi"
458,Maruti S PRESSO,"5,23,000",2020,"7,440 KM",CNG,"M3M Urbana, Golf Course Ext., Gurugram, Delhi"
459,Honda WR-V,"7,11,000",2017,"61,608 KM",PETROL,"Parsvnath City Mall, Faridabad, Delhi"
460,Maruti Wagon R 1.0,"3,76,000",2018,"33,443 KM",PETROL,"Parsvnath City Mall, Faridabad, Delhi"
461,Maruti Wagon R 1.0,"3,87,000",2017,"80,484 KM",CNG,"Metro Walk, Rohini, New Delhi"
462,Maruti S PRESSO,"4,07,000",2020,"65,935 KM",CNG,"Sector-18, Noida, Delhi"
463,Honda City,"7,14,000",2017,"77,395 KM",PETROL,"Spaze Platinum, Sohna Road, Gurugram, Delhi"
464,Hyundai NEW SANTRO,"4,83,000",2019,"27,991 KM",PETROL,"Vasant Kunj, New Delhi"
465,Maruti Swift,"2,83,000",2013,"94,355 KM",PETROL,"Vasant Kunj, New Delhi"
466,Maruti Wagon R 1.0,"1,84,000",2010,"59,180 KM",PETROL,"Metro Walk, Rohini, New Delhi"
467,Honda City,"7,37,000",2017,"58,573 KM",PETROL,"Metro Walk, Rohini, New Delhi"
468,Skoda Rapid,"7,67,000",2017,"37,601 KM",CNG,"Sector-18, Noida, Delhi"
469,Honda Amaze,"5,90,000",2018,"23,056 KM",PETROL,"Sector-18, Noida, Delhi"
470,KIA SELTOS,"14,71,000",2021,"21,581 KM",PETROL,"Chhatarpur, Delhi"
471,Hyundai NEW SANTRO,"5,35,000",2019,"34,151 KM",CNG,"Sector-18, Noida, Delhi"
472,Maruti Swift,"6,56,000",2021,"29,406 KM",PETROL,"Spaze Platinum, Sohna Road, Gurugram, Delhi"
473,Maruti Baleno,"4,71,000",2018,"51,413 KM",PETROL,"Vasant Kunj, New Delhi"
474,Hyundai NEW SANTRO,"4,08,000",2019,"46,370 KM",PETROL,"Vasant Kunj, New Delhi"
475,Maruti New Wagon-R,"5,34,000",2020,"31,648 KM",CNG,"Parsvnath City Mall, Faridabad, Delhi"
476,Maruti Celerio,"4,08,000",2018,"55,847 KM",PETROL,"Metro Walk, Rohini, New Delhi"
477,Mahindra XUV500,"11,21,000",2020,"49,824 KM",DIESEL,"Parsvnath City Mall, Faridabad, Delhi"
478,KIA SONET,"10,69,000",2020,"30,728 KM",PETROL,"M3M Urbana, Golf Course Ext., Gurugram, Delhi"
479,Maruti Baleno,"6,60,000",2018,"44,902 KM",PETROL,"Parsvnath City Mall, Faridabad, Delhi"
480,Volkswagen Polo,"5,80,000",2018,"28,377 KM",PETROL,"M3M Urbana, Golf Course Ext., Gurugram, Delhi"
481,Honda Jazz,"4,55,000",2017,"1,04,845 KM",PETROL,"Spaze Platinum, Sohna Road, Gurugram, Delhi"
482,Honda City,"5,68,000",2016,"79,622 KM",PETROL,"Metro Walk, Rohini, New Delhi"
483,Maruti Ciaz,"7,69,000",2019,"49,347 KM",PETROL,"M3M Urbana, Golf Course Ext., Gurugram, Delhi"
484,Maruti Celerio,"4,84,000",2018,"44,783 KM",PETROL,"Metro Walk, Rohini, New Delhi"
485,Hyundai Elite i20,"6,05,000",2019,"56,414 KM",CNG,"Spaze Platinum, Sohna Road, Gurugram, Delhi"
486,Hyundai Eon,"2,01,000",2013,"1,00,432 KM",PETROL,"Spaze Platinum, Sohna Road, Gurugram, Delhi"
487,Honda Brio,"2,53,000",2013,"66,252 KM",PETROL,"Metro Walk, Rohini, New Delhi"
488,Maruti Swift,"3,89,000",2015,"93,232 KM",PETROL,"Parsvnath City Mall, Faridabad, Delhi"
489,Hyundai i10,"1,85,000",2011,"60,372 KM",PETROL,"Parsvnath City Mall, Faridabad, Delhi"
490,KIA SELTOS,"12,99,000",2019,"37,173 KM",PETROL,"Spaze Platinum, Sohna Road, Gurugram, Delhi"
491,Maruti Swift,"3,07,000",2013,"49,347 KM",PETROL,"Metro Walk, Rohini, New Delhi"
492,Maruti Vitara Brezza,"9,26,000",2021,"26,699 KM",PETROL,"Spaze Platinum, Sohna Road, Gurugram, Delhi"
493,Hyundai Creta,"7,25,000",2015,"34,899 KM",PETROL,"Spaze Platinum, Sohna Road, Gurugram, Delhi"
494,Hyundai Creta,"6,93,000",2016,"83,184 KM",PETROL,"Sector-18, Noida, Delhi"
495,Hyundai Tucson New,"14,01,000",2018,"42,864 KM",PETROL,"GIP Mall, Noida, Delhi"
496,Maruti Dzire,"5,08,000",2018,"66,921 KM",PETROL,"Spaze Platinum, Sohna Road, Gurugram, Delhi"
497,Maruti Ritz,"2,62,000",2014,"62,031 KM",PETROL,"M3M Urbana, Golf Course Ext., Gurugram, Delhi"
498,Hyundai Elite i20,"4,63,000",2016,"35,690 KM",PETROL,"GIP Mall, Noida, Delhi"
499,Hyundai i20,"2,04,000",2011,"83,110 KM",PETROL,"Sector-18, Noida, Delhi"
500,Honda Amaze,"5,77,000",2020,"54,021 KM",PETROL,"Vasant Kunj, New Delhi"
501,Maruti IGNIS,"4,93,000",2018,"55,324 KM",CNG,"Parsvnath City Mall, Faridabad, Delhi"
502,Honda Brio,"3,05,000",2015,"74,161 KM",PETROL,"Chhatarpur, Delhi"
503,Hyundai NEW SANTRO,"4,23,000",2019,"25,411 KM",PETROL,"M3M Urbana, Golf Course Ext., Gurugram, Delhi"
504,Maruti Celerio,"4,40,000",2018,"42,071 KM",PETROL,"Metro Walk, Rohini, New Delhi"
505,Maruti Baleno,"4,66,000",2017,"68,621 KM",PETROL,"Spaze Platinum, Sohna Road, Gurugram, Delhi"
506,Nissan MAGNITE,"6,93,000",2021,"30,498 KM",PETROL,"Spaze Platinum, Sohna Road, Gurugram, Delhi"
507,KIA SELTOS,"10,83,000",2020,"93,108 KM",DIESEL,"Parsvnath City Mall, Faridabad, Delhi"
508,Hyundai Santro Xing,"1,59,000",2011,"33,021 KM",PETROL,"Vasant Kunj, New Delhi"
509,Hyundai New Elantra,"10,33,000",2017,"1,13,960 KM",PETROL,"M3M Urbana, Golf Course Ext., Gurugram, Delhi"
510,Maruti Baleno,"4,57,000",2017,"71,575 KM",PETROL,"Parsvnath City Mall, Faridabad, Delhi"
511,Maruti Ciaz,"4,73,000",2014,"97,770 KM",PETROL,"Parsvnath City Mall, Faridabad, Delhi"
512,Honda Amaze,"6,23,000",2018,"71,817 KM",PETROL,"Spaze Platinum, Sohna Road, Gurugram, Delhi"
513,Hyundai VENUE,"9,45,000",2019,"32,567 KM",PETROL,"M3M Urbana, Golf Course Ext., Gurugram, Delhi"
514,Hyundai Creta,"8,41,000",2016,"43,342 KM",PETROL,"Chhatarpur, Delhi"
515,Tata Safari,"18,85,000",2022,"20,858 KM",DIESEL,"Spaze Platinum, Sohna Road, Gurugram, Delhi"
516,KIA SELTOS,"15,30,000",2019,"55,408 KM",DIESEL,"Metro Walk, Rohini, New Delhi"
517,Hyundai Elite i20,"4,89,000",2018,"76,653 KM",PETROL,"Spaze Platinum, Sohna Road, Gurugram, Delhi"
518,Maruti Ciaz,"7,21,000",2018,"80,362 KM",PETROL,"Vasant Kunj, New Delhi"
519,Hyundai NEW SANTRO,"4,71,000",2019,"13,221 KM",PETROL,"Parsvnath City Mall, Faridabad, Delhi"
520,Volkswagen Polo,"4,87,000",2017,"54,101 KM",PETROL,"KW Delhi 6, Raj Nagar Extension, Ghaziabad"
521,Honda City,"1,97,000",2010,"95,532 KM",PETROL,"Parsvnath City Mall, Faridabad, Delhi"
522,Maruti Baleno,"5,81,000",2018,"62,411 KM",DIESEL,"Chhatarpur, Delhi"
523,Maruti Ciaz,"6,54,000",2018,"41,650 KM",PETROL,"Spaze Platinum, Sohna Road, Gurugram, Delhi"
524,Maruti Ritz,"3,01,000",2014,"78,334 KM",CNG,"Spaze Platinum, Sohna Road, Gurugram, Delhi"
525,Hyundai Creta,"10,06,000",2020,"92,108 KM",DIESEL,"Spaze Platinum, Sohna Road, Gurugram, Delhi"
526,Hyundai Eon,"2,31,000",2016,"48,144 KM",PETROL,"Sector-18, Noida, Delhi"
527,Honda Amaze,"6,19,000",2020,"15,072 KM",PETROL,"Spaze Platinum, Sohna Road, Gurugram, Delhi"
528,Maruti Alto K10,"3,32,000",2016,"34,174 KM",PETROL,"Parsvnath City Mall, Faridabad, Delhi"
529,Mahindra Scorpio,"13,00,000",2020,"31,527 KM",DIESEL,"M3M Urbana, Golf Course Ext., Gurugram, Delhi"
530,Skoda Rapid,"10,33,000",2021,"43,210 KM",PETROL,"Vasant Kunj, New Delhi"
531,Maruti Baleno,"5,02,000",2017,"54,453 KM",PETROL,"Parsvnath City Mall, Faridabad, Delhi"
532,Maruti Swift Dzire,"3,11,000",2014,"1,16,132 KM",PETROL,"Metro Walk, Rohini, New Delhi"
533,Honda Amaze,"3,11,000",2014,"1,11,915 KM",PETROL,"Chhatarpur, Delhi"
534,Hyundai i10,"2,05,000",2011,"54,189 KM",PETROL,"Metro Walk, Rohini, New Delhi"
535,Honda City,"2,27,000",2010,"1,02,743 KM",PETROL,"Sector-18, Noida, Delhi"
536,Tata TIGOR,"4,97,000",2018,"46,322 KM",PETROL,"Parsvnath City Mall, Faridabad, Delhi"
537,Volkswagen Polo,"3,70,000",2015,"84,265 KM",PETROL,"Parsvnath City Mall, Faridabad, Delhi"
538,Maruti Ciaz,"5,45,000",2015,"51,093 KM",PETROL,"Spaze Platinum, Sohna Road, Gurugram, Delhi"
539,Maruti Baleno,"6,44,000",2018,"9,069 KM",PETROL,"Spaze Platinum, Sohna Road, Gurugram, Delhi"
540,Hyundai Grand i10,"4,82,000",2016,"16,503 KM",PETROL,"Chhatarpur, Delhi"
541,Maruti Baleno,"5,95,000",2018,"71,463 KM",PETROL,"Parsvnath City Mall, Faridabad, Delhi"
542,Volkswagen Vento,"2,89,000",2011,"96,152 KM",PETROL,"Metro Walk, Rohini, New Delhi"
543,Maruti Wagon R 1.0,"2,78,000",2015,"73,805 KM",PETROL,"M3M Urbana, Golf Course Ext., Gurugram, Delhi"
544,Maruti Swift Dzire,"3,68,000",2014,"81,868 KM",PETROL,"Sector-18, Noida, Delhi"
545,Tata ALTROZ,"5,60,000",2020,"15,412 KM",PETROL,"Spaze Platinum, Sohna Road, Gurugram, Delhi"
546,Maruti Ciaz,"5,64,000",2016,"60,162 KM",PETROL,"Metro Walk, Rohini, New Delhi"
547,Maruti Baleno,"5,56,000",2017,"55,600 KM",PETROL,"Vasant Kunj, New Delhi"
548,Maruti Ritz,"2,33,000",2012,"82,558 KM",PETROL,"M3M Urbana, Golf Course Ext., Gurugram, Delhi"
549,Maruti Wagon R 1.0,"3,73,000",2016,"33,726 KM",PETROL,"Spaze Platinum, Sohna Road, Gurugram, Delhi"
550,Maruti Dzire,"8,82,000",2022,"29,753 KM",CNG,"Parsvnath City Mall, Faridabad, Delhi"
551,Honda City,"3,02,000",2011,"99,520 KM",PETROL,"M3M Urbana, Golf Course Ext., Gurugram, Delhi"
552,Hyundai i20 Active,"5,26,000",2015,"38,463 KM",PETROL,"Parsvnath City Mall, Faridabad, Delhi"
553,Hyundai Creta,"9,27,000",2016,"44,794 KM",PETROL,"Chhatarpur, Delhi"
554,Maruti Vitara Brezza,"6,65,000",2018,"48,217 KM",DIESEL,"Parsvnath City Mall, Faridabad, Delhi"
555,Maruti Swift Dzire,"3,73,000",2015,"89,917 KM",PETROL,"Parsvnath City Mall, Faridabad, Delhi"
556,Hyundai Elite i20,"5,52,000",2016,"84,801 KM",PETROL,"Metro Walk, Rohini, New Delhi"
