CarName,Price,Year,KilometersDriven,Fuel Type,Location
Hyundai Grand i10 Nios Era 1.2 Kappa VTVT,5.48 Lakh,2021,23K km,Petrol,"Spinny Hub, Kohinoor Square Mall, Dadar, Mumbai"
Honda Amaze 1.2 VX CVT i-VTEC,8.82 Lakh,2022,6K km,Petrol,"Spinny Hub, Neelkanth Business Park, Vidyavihar, Mumbai"
Tata Altroz XM Plus 1.2,6.58 Lakh,2021,23K km,Petrol,"Spinny Hub, Neelkanth Business Park, Vidyavihar, Mumbai"
Tata Punch Adventure Rhythm Pack MT,6.78 Lakh,2022,10K km,Petrol,"Spinny Hub, Neelkanth Business Park, Vidyavihar, Mumbai"
Renault Triber RXT,6.63 Lakh,2022,7K km,Petrol,"Spinny Hub, Neelkanth Business Park, Vidyavihar, Mumbai"
Maruti Suzuki Baleno Delta Petrol,5.69 Lakh,2018,22K km,Petrol,"Spinny Hub, Korum Mall, Thane"
BMW X1 sDrive20d xLine,26.90 Lakh,2018,53K km,Diesel,"Spinny Hub, Kohinoor Square Mall, Dadar, Mumbai"
Hyundai New Santro 1.1 Magna,4.73 Lakh,2022,5K km,Petrol,"Spinny Hub, Neelkanth Business Park, Vidyavihar, Mumbai"
Maruti Suzuki Baleno Zeta Petrol,7.14 Lakh,2020,24K km,Petrol,"Spinny Hub, Seawoods, Navi Mumbai"
Hyundai Grand i10 Nios Sportz 1.2 Kappa VTVT Dual Tone,7.28 Lakh,2022,11K km,Petrol,"Spinny Hub, Korum Mall, Thane"
Hyundai Elite i20 Magna Plus 1.2,6.13 Lakh,2019,8K km,Petrol,"Spinny Hub, Korum Mall, Thane"
Maruti Suzuki Alto K10 VXI (O),3.76 Lakh,2019,20K km,Petrol,"Spinny Hub, Neelkanth Business Park, Vidyavihar, Mumbai"
Honda WR-V VX i-VTEC,7.22 Lakh,2018,16K km,Petrol,"Spinny Hub, Neelkanth Business Park, Vidyavihar, Mumbai"
Hyundai Grand i10 Asta 1.2 Kappa VTVT CNG (Outside Fitted),4.25 Lakh,2014,49K km,Petrol+cng,"Spinny Hub, Seawoods, Navi Mumbai"
Maruti Suzuki Ertiga LXI,4.68 Lakh,2013,52K km,Petrol,"Spinny Hub, Korum Mall, Thane"
Hyundai i10 Sportz 1.1 Petrol,3.82 Lakh,2016,44K km,Petrol,"Spinny Hub, Korum Mall, Thane"
Maruti Suzuki Wagon R 1.0 LXI CNG,3.65 Lakh,2014,25K km,Petrol+cng,"Spinny Hub, Neelkanth Business Park, Vidyavihar, Mumbai"
Maruti Suzuki Wagon R 1.0 LXI CNG,3.86 Lakh,2017,63K km,Petrol+cng,"Spinny Hub, Neelkanth Business Park, Vidyavihar, Mumbai"
BMW X1 sDrive20d Expedition,22.50 Lakh,2018,75K km,Diesel,"Spinny Hub, Kohinoor Square Mall, Dadar, Mumbai"
Jeep Compass Sport 1.4 Petrol,11.90 Lakh,2019,21K km,Petrol,"Spinny Hub, Seawoods, Navi Mumbai"
BMW 3 Series GT 320d GT Sport Line,19.50 Lakh,2015,66K km,Diesel,"Spinny Hub, Kohinoor Square Mall, Dadar, Mumbai"
BMW 3 Series Gran Limousine 330Li Luxury Line,45 Lakh,2021,9K km,Petrol,"Spinny Hub, Kohinoor Square Mall, Dadar, Mumbai"
Hyundai Elite i20 Magna Plus 1.2,6.13 Lakh,2019,8K km,Petrol,"Spinny Hub, Korum Mall, Thane"
Honda WR-V VX i-VTEC,7.22 Lakh,2018,16K km,Petrol,"Spinny Hub, Neelkanth Business Park, Vidyavihar, Mumbai"
Maruti Suzuki Baleno Zeta Petrol,5.44 Lakh,2016,62K km,Petrol,"Spinny Hub, Neelkanth Business Park, Vidyavihar, Mumbai"
Hyundai Grand i10 Sportz 1.2 Kappa VTVT,5.13 Lakh,2017,32K km,Petrol,"Spinny Hub, Neelkanth Business Park, Vidyavihar, Mumbai"
Hyundai Venue SX 1.0 Turbo,9.10 Lakh,2019,24K km,Petrol,"Spinny Hub, Kohinoor Square Mall, Dadar, Mumbai"
Maruti Suzuki Baleno Alpha Petrol,5.87 Lakh,2017,14K km,Petrol,"Spinny Hub, Korum Mall, Thane"
Maruti Suzuki S-Cross Alpha 1.5,9.60 Lakh,2020,37K km,Petrol,"Spinny Hub, Kohinoor Square Mall, Dadar, Mumbai"
Nissan Micra Active XV Safety Pack,4.28 Lakh,2018,60K km,Petrol,"Spinny Hub, Kohinoor Square Mall, Dadar, Mumbai"
Hyundai Venue S 1.2,7.48 Lakh,2019,34K km,Petrol,"Spinny Hub, Korum Mall, Thane"
Maruti Suzuki Ertiga VXI,6.30 Lakh,2016,72K km,Petrol,"Spinny Hub, Korum Mall, Thane"
Maruti Suzuki Dzire ZXI Plus AMT,6.29 Lakh,2017,71K km,Petrol,"Spinny Hub, Korum Mall, Thane"
Toyota Etios G,2.72 Lakh,2011,51K km,Petrol,"Spinny Hub, Seawoods, Navi Mumbai"
Jeep Compass Longitude (O) 2.0 Diesel,19.25 Lakh,2021,13K km,Diesel,"Spinny Hub, Kohinoor Square Mall, Dadar, Mumbai"
BMW 3 Series 320d Prestige,18.90 Lakh,2015,39K km,Diesel,"Spinny Hub, Kohinoor Square Mall, Dadar, Mumbai"
BMW 3 Series 320d Prestige,17.25 Lakh,2015,65K km,Diesel,"Spinny Hub, Kohinoor Square Mall, Dadar, Mumbai"
Mercedes-Benz CLA 200 Sport,22.75 Lakh,2017,42K km,Petrol,"Spinny Hub, Kohinoor Square Mall, Dadar, Mumbai"
Toyota Etios Liva V,2.84 Lakh,2011,76K km,Petrol,"Spinny Hub, Kohinoor Square Mall, Dadar, Mumbai"
Maruti Suzuki Baleno Delta Petrol,5.40 Lakh,2017,28K km,Petrol,"Spinny Hub, Neelkanth Business Park, Vidyavihar, Mumbai"
Hyundai Grand i10 Asta 1.2 Kappa VTVT,4.10 Lakh,2014,59K km,Petrol,"Spinny Hub, Kohinoor Square Mall, Dadar, Mumbai"
Maruti Suzuki Swift Dzire ZXI,4.94 Lakh,2014,20K km,Petrol,"Spinny Hub, Seawoods, Navi Mumbai"
Maruti Suzuki XL6 Zeta AT Petrol,11.45 Lakh,2021,18K km,Petrol,"Spinny Hub, Neelkanth Business Park, Vidyavihar, Mumbai"
Maruti Suzuki Dzire ZXI Plus AMT,8.34 Lakh,2021,15K km,Petrol,"Spinny Hub, Seawoods, Navi Mumbai"
Honda Amaze 1.2 VX CVT i-VTEC,8.84 Lakh,2022,9K km,Petrol,"Spinny Hub, Neelkanth Business Park, Vidyavihar, Mumbai"
Maruti Suzuki Ignis Zeta MT Petrol,6.19 Lakh,2021,8K km,Petrol,"Spinny Hub, Seawoods, Navi Mumbai"
BMW X1 sDrive20d xLine,28.50 Lakh,2019,34K km,Diesel,"Spinny Hub, Kohinoor Square Mall, Dadar, Mumbai"
Jeep Compass Longitude (O) 1.4 Petrol DCT,20.90 Lakh,2021,10K km,Petrol,"Spinny Hub, Kohinoor Square Mall, Dadar, Mumbai"
BMW 3 Series 320d Sport,37.90 Lakh,2020,22K km,Diesel,"Spinny Hub, Kohinoor Square Mall, Dadar, Mumbai"
Honda City V CVT,8.63 Lakh,2019,19K km,Petrol,"Spinny Hub, Korum Mall, Thane"
Hyundai Elantra 2.0 SX(O) AT,9.41 Lakh,2016,44K km,Petrol,"Spinny Hub, Neelkanth Business Park, Vidyavihar, Mumbai"
Volkswagen Vento Highline Petrol AT,6.91 Lakh,2016,42K km,Petrol,"Spinny Hub, Korum Mall, Thane"
Mahindra XUV 300 W8 (O) Petrol,11.24 Lakh,2021,10K km,Petrol,"Spinny Hub, Kohinoor Square Mall, Dadar, Mumbai"
Tata Tiago Revotron XZ Plus CNG,7.16 Lakh,2022,27K km,Petrol+cng,"Spinny Hub, Kohinoor Square Mall, Dadar, Mumbai"
Toyota Etios Liva G,2.76 Lakh,2011,51K km,Petrol,"Spinny Hub, Neelkanth Business Park, Vidyavihar, Mumbai"
Maruti Suzuki Vitara Brezza ZDi,7.99 Lakh,2018,38K km,Diesel,"Spinny Hub, Seawoods, Navi Mumbai"
Mahindra KUV100 NXT K8 6 STR,5.29 Lakh,2019,28K km,Petrol,"Spinny Hub, Neelkanth Business Park, Vidyavihar, Mumbai"
Hyundai Grand i10 Sportz 1.2 Kappa VTVT,4.12 Lakh,2015,59K km,Petrol,"Spinny Hub, Kohinoor Square Mall, Dadar, Mumbai"
Maruti Suzuki Ertiga VXI CNG,5.99 Lakh,2013,58K km,Petrol+cng,"Spinny Hub, Kohinoor Square Mall, Dadar, Mumbai"
Maruti Suzuki Wagon R 1.0 VXI AMT,4.45 Lakh,2018,29K km,Petrol,"Spinny Hub, Kohinoor Square Mall, Dadar, Mumbai"
Maruti Suzuki Wagon R 1.0 LXI CNG,3.59 Lakh,2014,31K km,Petrol+cng,"Spinny Hub, Neelkanth Business Park, Vidyavihar, Mumbai"
Hyundai Fluidic Verna 4S 1.6 VTVT SX,5.74 Lakh,2016,85K km,Petrol,"Spinny Hub, Neelkanth Business Park, Vidyavihar, Mumbai"
BMW 3 Series 320d Luxury Line,26.90 Lakh,2017,43K km,Diesel,"Spinny Hub, Kohinoor Square Mall, Dadar, Mumbai"
Mercedes-Benz CLA 200 Sport,19.90 Lakh,2016,25K km,Petrol,"Spinny Hub, Kohinoor Square Mall, Dadar, Mumbai"
Mercedes-Benz CLA 200 Sport,27.90 Lakh,2018,17K km,Petrol,"Spinny Hub, Kohinoor Square Mall, Dadar, Mumbai"
Maruti Suzuki Swift VXI AMT,7.29 Lakh,2022,30K km,Petrol,"Spinny Hub, Kohinoor Square Mall, Dadar, Mumbai"
Renault Kwid RXT,4.29 Lakh,2020,3K km,Petrol,"Spinny Hub, Kohinoor Square Mall, Dadar, Mumbai"
MG Motors Hector 1.5 Hybrid Sharp,14.42 Lakh,2020,15K km,Petrol,"Spinny Hub, Korum Mall, Thane"
Renault Kiger RXT MT,6.78 Lakh,2022,5K km,Petrol,"Spinny Hub, Neelkanth Business Park, Vidyavihar, Mumbai"
Hyundai Creta 1.6 SX Plus Auto Petrol,10.37 Lakh,2017,62K km,Petrol,"Spinny Hub, Neelkanth Business Park, Vidyavihar, Mumbai"
Hyundai Creta 1.6 SX Plus Auto Petrol,11.49 Lakh,2018,18K km,Petrol,"Spinny Hub, Seawoods, Navi Mumbai"
Toyota Glanza G,8.49 Lakh,2022,8K km,Petrol,"Spinny Hub, Seawoods, Navi Mumbai"
Honda City VX,8.27 Lakh,2017,17K km,Petrol,"Spinny Hub, Korum Mall, Thane"
Hyundai Verna SX AT Diesel,13.26 Lakh,2021,36K km,Diesel,"Spinny Hub, Kohinoor Square Mall, Dadar, Mumbai"
Hyundai Creta 1.6 SX Plus Auto,10.18 Lakh,2017,105K km,Diesel,"Spinny Hub, Neelkanth Business Park, Vidyavihar, Mumbai"
Hyundai Creta 1.6 SX Plus Auto Petrol,9.67 Lakh,2017,74K km,Petrol,"Spinny Hub, Seawoods, Navi Mumbai"
Volkswagen Polo Highline1.2L (P),4.63 Lakh,2015,126K km,Petrol,"Spinny Hub, Kohinoor Square Mall, Dadar, Mumbai"
Hyundai i10 Sportz 1.2 Petrol,2.96 Lakh,2013,25K km,Petrol,"Spinny Hub, Neelkanth Business Park, Vidyavihar, Mumbai"
Tata Nexon XM Petrol,6.20 Lakh,2018,65K km,Petrol,"Spinny Hub, Kohinoor Square Mall, Dadar, Mumbai"
Hyundai Elantra 2.0 SX MT,7.84 Lakh,2016,74K km,Petrol,"Spinny Hub, Korum Mall, Thane"
Maruti Suzuki Vitara Brezza ZDi,7.99 Lakh,2018,56K km,Diesel,"Spinny Hub, Kohinoor Square Mall, Dadar, Mumbai"
Skoda Octavia Elegance 1.8 TSI AT,7.33 Lakh,2014,78K km,Petrol,"Spinny Hub, Neelkanth Business Park, Vidyavihar, Mumbai"
Mercedes-Benz C-Class C200 Avantgrade,19.90 Lakh,2015,48K km,Petrol,"Spinny Hub, Kohinoor Square Mall, Dadar, Mumbai"
BMW X1 sDrive20d xLine,37.90 Lakh,2021,17K km,Diesel,"Spinny Hub, Kohinoor Square Mall, Dadar, Mumbai"
Hyundai Creta 1.6 SX Plus Auto Petrol,8.74 Lakh,2016,42K km,Petrol,"Spinny Hub, Seawoods, Navi Mumbai"
Hyundai Elite i20 Sportz 1.2,6.11 Lakh,2018,11K km,Petrol,"Spinny Hub, Neelkanth Business Park, Vidyavihar, Mumbai"
Renault Kwid 1.0 RXT AMT,3.62 Lakh,2017,34K km,Petrol,"Spinny Hub, Korum Mall, Thane"
Honda City ZX CVT,14.21 Lakh,2022,24K km,Petrol,"Spinny Hub, Korum Mall, Thane"
Maruti Suzuki Wagon R 1.0 LXI CNG,5.55 Lakh,2019,29K km,Petrol+cng,"Spinny Hub, Korum Mall, Thane"
Hyundai New i20 Asta (O) 1.0 Turbo DCT,9.13 Lakh,2020,12K km,Petrol,"Spinny Hub, Neelkanth Business Park, Vidyavihar, Mumbai"
Maruti Suzuki Ciaz Alpha 1.3 Diesel,7.93 Lakh,2017,31K km,Diesel,"Spinny Hub, Kohinoor Square Mall, Dadar, Mumbai"
Hyundai Creta 1.6 SX AT,12.77 Lakh,2018,88K km,Diesel,"Spinny Hub, Korum Mall, Thane"
Maruti Suzuki Ciaz ZDi+,6.38 Lakh,2016,62K km,Diesel,"Spinny Hub, Korum Mall, Thane"
Maruti Suzuki Swift ZXI,5.89 Lakh,2018,57K km,Petrol,"Spinny Hub, Kohinoor Square Mall, Dadar, Mumbai"
Hyundai Neo Fluidic Elantra 1.8 SX MT VTVT,6.99 Lakh,2015,52K km,Petrol,"Spinny Hub, Korum Mall, Thane"
Maruti Suzuki Wagon R 1.0 LXI CNG,2.93 Lakh,2013,92K km,Petrol+cng,"Spinny Hub, Neelkanth Business Park, Vidyavihar, Mumbai"
Hyundai i10 Magna Petrol,2.10 Lakh,2012,103K km,Petrol,"Spinny Hub, Korum Mall, Thane"
Maruti Suzuki Swift Dzire VXI 1.2,3.25 Lakh,2011,59K km,Petrol,"Spinny Hub, Neelkanth Business Park, Vidyavihar, Mumbai"
Tata Altroz XT 1.2,6.59 Lakh,2020,14K km,Petrol,"Spinny Hub, Seawoods, Navi Mumbai"
Toyota Etios GD,4.80 Lakh,2014,71K km,Diesel,"Spinny Hub, Kohinoor Square Mall, Dadar, Mumbai"
Skoda Octavia Style Plus 1.8 TSI AT,12.70 Lakh,2017,29K km,Petrol,"Spinny Hub, Neelkanth Business Park, Vidyavihar, Mumbai"
Volkswagen Vento Highline Diesel AT,5.75 Lakh,2016,114K km,Diesel,"Spinny Hub, Neelkanth Business Park, Vidyavihar, Mumbai"
Audi Q3 30 TFSI Premium,20.50 Lakh,2017,26K km,Petrol,"Spinny Hub, Kohinoor Square Mall, Dadar, Mumbai"
Volvo XC40 T4 R-Design,41.25 Lakh,2022,10K km,Petrol,"Spinny Hub, Kohinoor Square Mall, Dadar, Mumbai"
Maruti Suzuki Ciaz Alpha Petrol AT,8.31 Lakh,2018,21K km,Petrol,"Spinny Hub, Korum Mall, Thane"
Hyundai Verna 1.6 CRDI SX,8.39 Lakh,2017,68K km,Diesel,"Spinny Hub, Kohinoor Square Mall, Dadar, Mumbai"
Tata Altroz XZ 1.2,7.11 Lakh,2020,16K km,Petrol,"Spinny Hub, Neelkanth Business Park, Vidyavihar, Mumbai"
Tata Altroz XZ 1.2,6.79 Lakh,2020,45K km,Petrol,"Spinny Hub, Neelkanth Business Park, Vidyavihar, Mumbai"
Hyundai Venue SX Plus 1.0 Turbo DCT,10.67 Lakh,2019,19K km,Petrol,"Spinny Hub, Korum Mall, Thane"
Hyundai Xcent SX Petrol,5.99 Lakh,2019,26K km,Petrol,"Spinny Hub, Seawoods, Navi Mumbai"
Renault Kwid RXT,4.13 Lakh,2021,36K km,Petrol,"Spinny Hub, Korum Mall, Thane"
Maruti Suzuki Alto 800 VXI,4.15 Lakh,2022,10K km,Petrol,"Spinny Hub, Neelkanth Business Park, Vidyavihar, Mumbai"
Hyundai Venue SX Plus 1.0 Turbo DCT,10.58 Lakh,2019,22K km,Petrol,"Spinny Hub, Korum Mall, Thane"
Mahindra Marazzo M6 8str,10.03 Lakh,2019,15K km,Diesel,"Spinny Hub, Seawoods, Navi Mumbai"
Maruti Suzuki Swift ZXI AMT,6.18 Lakh,2018,54K km,Petrol,"Spinny Hub, Neelkanth Business Park, Vidyavihar, Mumbai"
Hyundai Elite i20 Asta 1.2,5.19 Lakh,2015,37K km,Petrol,"Spinny Hub, Neelkanth Business Park, Vidyavihar, Mumbai"
Volkswagen Polo Highline1.2L (P),4.69 Lakh,2015,57K km,Petrol,"Spinny Hub, Seawoods, Navi Mumbai"
Volkswagen Polo Comfortline 1.2 (D),3.57 Lakh,2012,86K km,Diesel,"Spinny Hub, Neelkanth Business Park, Vidyavihar, Mumbai"
Hyundai Verna Fluidic 1.6 VTVT EX,4.78 Lakh,2014,86K km,Petrol,"Spinny Hub, Neelkanth Business Park, Vidyavihar, Mumbai"
Hyundai Neo Fluidic Elantra 1.8 SX AT VTVT,5.51 Lakh,2013,67K km,Petrol,"Spinny Hub, Seawoods, Navi Mumbai"
Maruti Suzuki Ignis Alpha AMT Petrol,4.99 Lakh,2018,91K km,Petrol,"Spinny Hub, Korum Mall, Thane"
Maruti Suzuki Ciaz Delta Petrol,6.79 Lakh,2018,48K km,Petrol,"Spinny Hub, Seawoods, Navi Mumbai"
Mahindra Marazzo M6,8.96 Lakh,2018,52K km,Diesel,"Spinny Hub, Korum Mall, Thane"
Hyundai Elite i20 Sportz 1.2,5.41 Lakh,2016,50K km,Petrol,"Spinny Hub, Neelkanth Business Park, Vidyavihar, Mumbai"
Mahindra Xylo D4 BS-IV,5.80 Lakh,2019,31K km,Diesel,"Spinny Hub, Korum Mall, Thane"
Tata Tigor Revotron XZ+ CNG Dual Tone,7.99 Lakh,2022,25K km,Petrol+cng,"Spinny Hub, Korum Mall, Thane"
Maruti Suzuki Celerio ZXI (O) AMT,5.82 Lakh,2021,10K km,Petrol,"Spinny Hub, Kohinoor Square Mall, Dadar, Mumbai"
Volkswagen Ameo Comfortline 1.2L (P),4.57 Lakh,2016,33K km,Petrol,"Spinny Hub, Neelkanth Business Park, Vidyavihar, Mumbai"
Tata Tigor Revotron XZ+ CNG,8.29 Lakh,2022,8K km,Petrol+cng,"Spinny Hub, Korum Mall, Thane"
Honda Amaze 1.2 VX CVT i-VTEC,8.30 Lakh,2021,24K km,Petrol,"Spinny Hub, Korum Mall, Thane"
Maruti Suzuki Baleno Zeta Petrol,7.10 Lakh,2020,36K km,Petrol,"Spinny Hub, Kohinoor Square Mall, Dadar, Mumbai"
Volkswagen Vento Comfortline Diesel AT,6.98 Lakh,2017,51K km,Diesel,"Spinny Hub, Seawoods, Navi Mumbai"
Maruti Suzuki Eeco AC CNG 5 STR,5.76 Lakh,2020,26K km,Petrol+cng,"Spinny Hub, Korum Mall, Thane"
Hyundai i20 Sportz 1.2,2.83 Lakh,2011,106K km,Petrol,"Spinny Hub, Korum Mall, Thane"
Maruti Suzuki Ciaz Alpha Petrol,5.75 Lakh,2018,58K km,Petrol,"Spinny Hub, Korum Mall, Thane"
Hyundai Elite i20 Asta 1.2 CNG (Outside fitted),5.73 Lakh,2017,35K km,Petrol+cng,"Spinny Hub, Seawoods, Navi Mumbai"
Hyundai Grand i10 Nios Sportz 1.2 Kappa VTVT CNG,6.39 Lakh,2021,20K km,Petrol+cng,"Spinny Hub, Kohinoor Square Mall, Dadar, Mumbai"
Skoda Fabia Ambition 1.2 MPI,4.02 Lakh,2013,58K km,Petrol,"Spinny Hub, Neelkanth Business Park, Vidyavihar, Mumbai"
Nissan Micra XV Petrol,3.67 Lakh,2016,22K km,Petrol,"Spinny Hub, Seawoods, Navi Mumbai"
Ford Figo Aspire Titanium 1.2 Ti-VCT,5.10 Lakh,2019,34K km,Petrol,"Spinny Hub, Neelkanth Business Park, Vidyavihar, Mumbai"
Honda City VX (O) MT,5.96 Lakh,2016,99K km,Petrol,"Spinny Hub, Neelkanth Business Park, Vidyavihar, Mumbai"
Jeep Compass Limited Plus 1.4 Petrol,18.25 Lakh,2020,39K km,Petrol,"Spinny Hub, Korum Mall, Thane"
Volkswagen Tiguan AllSpace 2.0 TSI AT,25.39 Lakh,2019,29K km,Petrol,"Spinny Hub, Kohinoor Square Mall, Dadar, Mumbai"
Maruti Suzuki Celerio ZXI (O) AMT,3.67 Lakh,2016,45K km,Petrol,"Spinny Hub, Kohinoor Square Mall, Dadar, Mumbai"
Maruti Suzuki Baleno Alpha Diesel,7.76 Lakh,2019,31K km,Diesel,"Spinny Hub, Kohinoor Square Mall, Dadar, Mumbai"
Ford EcoSport Titanium + 1.5L Ti-VCT AT,8.12 Lakh,2018,17K km,Petrol,"Spinny Hub, Seawoods, Navi Mumbai"
Skoda Slavia Style 1.5L TSI AT,17.88 Lakh,2022,7K km,Petrol,"Spinny Hub, Neelkanth Business Park, Vidyavihar, Mumbai"
Hyundai Creta 1.6 SX Plus Auto,10.40 Lakh,2016,62K km,Diesel,"Spinny Hub, Kohinoor Square Mall, Dadar, Mumbai"
Honda WR-V VX i-VTEC,7.37 Lakh,2018,16K km,Petrol,"Spinny Hub, Korum Mall, Thane"
Maruti Suzuki Dzire VXI,6.89 Lakh,2021,30K km,Petrol,"Spinny Hub, Korum Mall, Thane"
Hyundai Venue S+ 1.2,8.49 Lakh,2021,18K km,Petrol,"Spinny Hub, Neelkanth Business Park, Vidyavihar, Mumbai"
Datsun GO T,3.87 Lakh,2019,8K km,Petrol,"Spinny Hub, Korum Mall, Thane"
Hyundai Aura S 1.2 CNG Petrol,6.99 Lakh,2021,30K km,Petrol+cng,"Spinny Hub, Kohinoor Square Mall, Dadar, Mumbai"
Maruti Suzuki Swift Dzire VXI AT ABS,5.68 Lakh,2016,19K km,Petrol,"Spinny Hub, Seawoods, Navi Mumbai"
Hyundai Elite i20 Sportz 1.2,5.45 Lakh,2018,63K km,Petrol,"Spinny Hub, Neelkanth Business Park, Vidyavihar, Mumbai"
Volkswagen Polo Highline1.2L (P),4.90 Lakh,2015,66K km,Petrol,"Spinny Hub, Neelkanth Business Park, Vidyavihar, Mumbai"
Maruti Suzuki Ertiga VXI CNG,6.35 Lakh,2014,32K km,Petrol+cng,"Spinny Hub, Neelkanth Business Park, Vidyavihar, Mumbai"
Honda City VX CVT,6.49 Lakh,2015,56K km,Petrol,"Spinny Hub, Neelkanth Business Park, Vidyavihar, Mumbai"
Hyundai Grand i10 Asta AT 1.2 Kappa VTVT,4.54 Lakh,2014,22K km,Petrol,"Spinny Hub, Korum Mall, Thane"
Skoda Fabia Ambiente 1.2 MPI,2.10 Lakh,2011,100K km,Petrol,"Spinny Hub, Seawoods, Navi Mumbai"
Hyundai Grand i10 Asta AT 1.2 Kappa VTVT,4.62 Lakh,2015,34K km,Petrol,"Spinny Hub, Korum Mall, Thane"
Jeep Compass Limited (O) 1.4 Petrol DCT,23.85 Lakh,2021,22K km,Petrol,"Spinny Hub, Seawoods, Navi Mumbai"
Hyundai Creta 1.6 E+ Petrol,7.21 Lakh,2017,67K km,Petrol,"Spinny Hub, Korum Mall, Thane"
Nissan Magnite XV Premium Turbo CVT (O),10.19 Lakh,2022,20K km,Petrol,"Spinny Hub, Kohinoor Square Mall, Dadar, Mumbai"
Maruti Suzuki Wagon R 1.0 VXI CNG,6.64 Lakh,2022,3K km,Petrol+cng,"Spinny Hub, Korum Mall, Thane"
Maruti Suzuki Ignis Alpha AMT Petrol,6.87 Lakh,2021,18K km,Petrol,"Spinny Hub, Neelkanth Business Park, Vidyavihar, Mumbai"
Maruti Suzuki Wagon R 1.0 VXI CNG,6.58 Lakh,2022,16K km,Petrol+cng,"Spinny Hub, Neelkanth Business Park, Vidyavihar, Mumbai"
Tata Nexon XZA Plus Dual Tone Roof AMT Petrol,8.14 Lakh,2018,30K km,Petrol,"Spinny Hub, Kohinoor Square Mall, Dadar, Mumbai"
Nissan Magnite XV Premium Turbo CVT (O) Dual Tone,9.52 Lakh,2021,15K km,Petrol,"Spinny Hub, Kohinoor Square Mall, Dadar, Mumbai"
Toyota Yaris V,7.77 Lakh,2018,24K km,Petrol,"Spinny Hub, Seawoods, Navi Mumbai"
Hyundai Creta 1.6 EX VTVT,9.35 Lakh,2019,25K km,Petrol,"Spinny Hub, Korum Mall, Thane"
Maruti Suzuki Baleno Delta Petrol,6.22 Lakh,2019,34K km,Petrol,"Spinny Hub, Seawoods, Navi Mumbai"
Kia Sonet GTX Plus 1.5 AT Dual Tone,13.15 Lakh,2020,39K km,Diesel,"Spinny Hub, Seawoods, Navi Mumbai"
Hyundai Neo Fluidic Elantra 1.8 SX AT VTVT,5.79 Lakh,2013,51K km,Petrol,"Spinny Hub, Kohinoor Square Mall, Dadar, Mumbai"
Honda City VX CVT,7.29 Lakh,2016,41K km,Petrol,"Spinny Hub, Neelkanth Business Park, Vidyavihar, Mumbai"
Hyundai Elite i20 Asta 1.2,4.99 Lakh,2015,27K km,Petrol,"Spinny Hub, Kohinoor Square Mall, Dadar, Mumbai"
Toyota Etios VX D,4.93 Lakh,2014,80K km,Diesel,"Spinny Hub, Neelkanth Business Park, Vidyavihar, Mumbai"
Jeep Compass Limited (O) 1.4 Petrol DCT,22.95 Lakh,2021,15K km,Petrol,"Spinny Hub, Seawoods, Navi Mumbai"
Maruti Suzuki Celerio VXI CNG,4.03 Lakh,2018,117K km,Petrol+cng,"Spinny Hub, Neelkanth Business Park, Vidyavihar, Mumbai"
Hyundai Elite i20 Sportz 1.2,4.66 Lakh,2015,26K km,Petrol,"Spinny Hub, Kohinoor Square Mall, Dadar, Mumbai"
Hyundai i10 Sportz 1.1 Petrol,1.99 Lakh,2011,90K km,Petrol,"Spinny Hub, Seawoods, Navi Mumbai"
Hyundai Verna Fluidic 1.6 CRDi SX,5.59 Lakh,2014,69K km,Diesel,"Spinny Hub, Korum Mall, Thane"
Datsun Redi-GO A,3.49 Lakh,2021,500 km,Petrol,"Spinny Hub, Seawoods, Navi Mumbai"
Honda City V 4th Gen,8.10 Lakh,2019,39K km,Petrol,"Spinny Hub, Seawoods, Navi Mumbai"
Tata Nexon XM Petrol,7.98 Lakh,2020,13K km,Petrol,"Spinny Hub, Seawoods, Navi Mumbai"
Tata Tiago Revotron XT,4.58 Lakh,2017,5K km,Petrol,"Spinny Hub, Neelkanth Business Park, Vidyavihar, Mumbai"
Maruti Suzuki S-Presso VXI+,4.18 Lakh,2020,21K km,Petrol,"Spinny Hub, Korum Mall, Thane"
Maruti Suzuki Ignis Zeta AMT Petrol,4.99 Lakh,2017,66K km,Petrol,"Spinny Hub, Kohinoor Square Mall, Dadar, Mumbai"
Hyundai Creta 1.6 SX Plus Auto Petrol,11.28 Lakh,2018,70K km,Petrol,"Spinny Hub, Neelkanth Business Park, Vidyavihar, Mumbai"
Maruti Suzuki Ciaz Alpha AT Petrol,8.12 Lakh,2018,57K km,Petrol,"Spinny Hub, Seawoods, Navi Mumbai"
Hyundai Fluidic Verna 4S 1.6 VTVT SX,6.74 Lakh,2016,33K km,Petrol,"Spinny Hub, Seawoods, Navi Mumbai"
Hyundai Grand i10 Magna AT 1.2 Kappa VTVT,4.36 Lakh,2016,38K km,Petrol,"Spinny Hub, Korum Mall, Thane"
Maruti Suzuki Dzire ZXI AMT,8.26 Lakh,2022,27K km,Petrol,"Spinny Hub, Korum Mall, Thane"
Renault Kiger RXZ 1.0 Turbo MT Dual Tone,8.23 Lakh,2021,10K km,Petrol,"Spinny Hub, Seawoods, Navi Mumbai"
Volkswagen Jetta Highline TDI,6.24 Lakh,2014,86K km,Diesel,"Spinny Hub, Korum Mall, Thane"
Hyundai Grand i10 Magna 1.2 Kappa VTVT CNG,4.99 Lakh,2019,73K km,Petrol+cng,"Spinny Hub, Kohinoor Square Mall, Dadar, Mumbai"
Honda CR-V 2.4L 4WD AVN,8.79 Lakh,2015,94K km,Petrol,"Spinny Hub, Kohinoor Square Mall, Dadar, Mumbai"
Hyundai i20 Active 1.2 S,4.35 Lakh,2015,103K km,Petrol,"Spinny Hub, Neelkanth Business Park, Vidyavihar, Mumbai"
Hyundai Verna Fluidic 1.6 VTVT SX,5.08 Lakh,2014,51K km,Petrol,"Spinny Hub, Seawoods, Navi Mumbai"
Maruti Suzuki Ertiga VXI,5.77 Lakh,2014,53K km,Petrol,"Spinny Hub, Seawoods, Navi Mumbai"
Hyundai Grand i10 Asta AT 1.2 Kappa VTVT,4.19 Lakh,2014,68K km,Petrol,"Spinny Hub, Korum Mall, Thane"
Maruti Suzuki Baleno Alpha Petrol,5.46 Lakh,2017,95K km,Petrol,"Spinny Hub, Korum Mall, Thane"
Hyundai New i20 Asta (O) 1.2 MT,9.10 Lakh,2021,21K km,Petrol,"Spinny Hub, Korum Mall, Thane"
Skoda Kushaq Style 1.0L TSI MT,13.99 Lakh,2022,11K km,Petrol,"Spinny Hub, Korum Mall, Thane"
Honda Amaze 1.2 VX CVT i-VTEC,7.84 Lakh,2021,22K km,Petrol,"Spinny Hub, Kohinoor Square Mall, Dadar, Mumbai"
Maruti Suzuki Swift VXI,4.26 Lakh,2016,29K km,Petrol,"Spinny Hub, Korum Mall, Thane"
Hyundai Creta SX+ SE,10.50 Lakh,2018,42K km,Petrol,"Spinny Hub, Kohinoor Square Mall, Dadar, Mumbai"
Honda City SV,7.51 Lakh,2018,23K km,Petrol,"Spinny Hub, Kohinoor Square Mall, Dadar, Mumbai"
Kia Seltos HTX IVT G,14.34 Lakh,2020,9K km,Petrol,"Spinny Hub, Kohinoor Square Mall, Dadar, Mumbai"
Maruti Suzuki Baleno Alpha AT Petrol,6.54 Lakh,2018,32K km,Petrol,"Spinny Hub, Korum Mall, Thane"
Skoda Octavia Style Plus 1.8 TSI AT,11.77 Lakh,2016,35K km,Petrol,"Spinny Hub, Korum Mall, Thane"
Hyundai Grand i10 Nios Asta 1.2 Kappa VTVT,6.85 Lakh,2022,24K km,Petrol,"Spinny Hub, Seawoods, Navi Mumbai"
Maruti Suzuki Celerio VXI CNG,5.76 Lakh,2022,15K km,Petrol+cng,"Spinny Hub, Seawoods, Navi Mumbai"
Skoda Kushaq Ambition 1.0L TSI MT,11.98 Lakh,2022,15K km,Petrol,"Spinny Hub, Kohinoor Square Mall, Dadar, Mumbai"
Hyundai Elite i20 Asta 1.2,5.45 Lakh,2015,70K km,Petrol,"Spinny Hub, Neelkanth Business Park, Vidyavihar, Mumbai"
Hyundai Elite i20 Asta 1.2,5.11 Lakh,2015,38K km,Petrol,"Spinny Hub, Seawoods, Navi Mumbai"
Hyundai Elite i20 Asta 1.2 (O),5.74 Lakh,2017,63K km,Petrol,"Spinny Hub, Seawoods, Navi Mumbai"
Honda Amaze 1.2L SX,4.13 Lakh,2015,51K km,Petrol,"Spinny Hub, Neelkanth Business Park, Vidyavihar, Mumbai"
Tata Altroz XZ 1.2,6.44 Lakh,2020,58K km,Petrol,"Spinny Hub, Korum Mall, Thane"
Hyundai Verna Fluidic 1.6 VTVT SX Opt,6.76 Lakh,2015,23K km,Petrol,"Spinny Hub, Kohinoor Square Mall, Dadar, Mumbai"
Maruti Suzuki Swift Dzire VXI 1.3,2.69 Lakh,2009,20K km,Petrol,"Spinny Hub, Korum Mall, Thane"
Hyundai i10 Sportz 1.1 Petrol,4.11 Lakh,2016,19K km,Petrol,"Spinny Hub, Kohinoor Square Mall, Dadar, Mumbai"
Skoda Octavia Style 1.8 TSI AT,15.93 Lakh,2019,27K km,Petrol,"Spinny Hub, Kohinoor Square Mall, Dadar, Mumbai"
Skoda Octavia Style 1.8 TSI AT,15.10 Lakh,2019,42K km,Petrol,"Spinny Hub, Korum Mall, Thane"
Toyota Etios V,5.41 Lakh,2017,52K km,Petrol,"Spinny Hub, Seawoods, Navi Mumbai"
Honda Jazz ZX CVT,8.59 Lakh,2020,19K km,Petrol,"Spinny Hub, Kohinoor Square Mall, Dadar, Mumbai"
Hyundai Creta 1.6 SX,12.18 Lakh,2019,58K km,Diesel,"Spinny Hub, Kohinoor Square Mall, Dadar, Mumbai"
Honda WR-V VX i-VTEC,7.34 Lakh,2019,31K km,Petrol,"Spinny Hub, Korum Mall, Thane"
Honda WR-V VX i-VTEC,7.13 Lakh,2018,19K km,Petrol,"Spinny Hub, Kohinoor Square Mall, Dadar, Mumbai"
Maruti Suzuki Baleno Delta Petrol,6.29 Lakh,2019,19K km,Petrol,"Spinny Hub, Kohinoor Square Mall, Dadar, Mumbai"
Volkswagen Ameo 1.0 Comfortline Petrol,5.75 Lakh,2019,12K km,Petrol,"Spinny Hub, Seawoods, Navi Mumbai"
Hyundai Venue SX Plus 1.0 Turbo DCT,10.68 Lakh,2019,12K km,Petrol,"Spinny Hub, Seawoods, Navi Mumbai"
Hyundai Verna 1.6 VTVT SX (O) AT,10.39 Lakh,2019,15K km,Petrol,"Spinny Hub, Seawoods, Navi Mumbai"
Maruti Suzuki Wagon R 1.0 LXI CNG,6.28 Lakh,2022,9K km,Petrol+cng,"Spinny Hub, Korum Mall, Thane"
Hyundai Grand i10 Era 1.2 Kappa VTVT,3.49 Lakh,2015,36K km,Petrol,"Spinny Hub, Korum Mall, Thane"
Hyundai Grand i10 Sportz 1.2 Kappa VTVT,4.18 Lakh,2015,29K km,Petrol,"Spinny Hub, Neelkanth Business Park, Vidyavihar, Mumbai"
Maruti Suzuki Ertiga VXI CNG,7.50 Lakh,2016,65K km,Petrol+cng,"Spinny Hub, Kohinoor Square Mall, Dadar, Mumbai"
Maruti Suzuki Dzire ZXI Plus AMT,6.90 Lakh,2018,41K km,Petrol,"Spinny Hub, Kohinoor Square Mall, Dadar, Mumbai"
Maruti Suzuki Wagon R 1.0 LXI CNG,5.13 Lakh,2019,79K km,Petrol+cng,"Spinny Hub, Seawoods, Navi Mumbai"
Mahindra XUV500 W6,7.84 Lakh,2016,119K km,Diesel,"Spinny Hub, Seawoods, Navi Mumbai"
Maruti Suzuki Swift VXI,3.54 Lakh,2013,46K km,Petrol,"Spinny Hub, Korum Mall, Thane"
Nissan Micra Active XV Safety Pack,3.94 Lakh,2016,23K km,Petrol,"Spinny Hub, Neelkanth Business Park, Vidyavihar, Mumbai"
Hyundai Grand i10 Nios Sportz 1.2 Kappa VTVT,6.41 Lakh,2020,15K km,Petrol,"Spinny Hub, Kohinoor Square Mall, Dadar, Mumbai"
Hyundai Creta 1.6 SX Plus,10.34 Lakh,2017,59K km,Diesel,"Spinny Hub, Kohinoor Square Mall, Dadar, Mumbai"
Maruti Suzuki S-Cross Alpha 1.6,6.71 Lakh,2016,50K km,Diesel,"Spinny Hub, Korum Mall, Thane"
Maruti Suzuki Vitara Brezza ZDI PLUS AT,9.17 Lakh,2018,31K km,Diesel,"Spinny Hub, Korum Mall, Thane"
Hyundai Verna 1.6 VTVT SX (O) AT,9.10 Lakh,2018,23K km,Petrol,"Spinny Hub, Korum Mall, Thane"
Hyundai Elite i20 Asta 1.2,6.10 Lakh,2017,47K km,Petrol,"Spinny Hub, Seawoods, Navi Mumbai"
Tata Nexon XZ Petrol,9.13 Lakh,2021,18K km,Petrol,"Spinny Hub, Neelkanth Business Park, Vidyavihar, Mumbai"
Hyundai Creta 1.6 SX AT VTVT,12.69 Lakh,2019,34K km,Petrol,"Spinny Hub, Neelkanth Business Park, Vidyavihar, Mumbai"
Honda City V CVT,11.95 Lakh,2021,15K km,Petrol,"Spinny Hub, Neelkanth Business Park, Vidyavihar, Mumbai"
Maruti Suzuki Baleno Alpha Petrol,6.35 Lakh,2017,26K km,Petrol,"Spinny Hub, Seawoods, Navi Mumbai"
Maruti Suzuki Ertiga VXI CNG,8.82 Lakh,2018,38K km,Petrol+cng,"Spinny Hub, Seawoods, Navi Mumbai"
Hyundai Grand i10 Sportz 1.2 Kappa VTVT,5.12 Lakh,2017,13K km,Petrol,"Spinny Hub, Seawoods, Navi Mumbai"
Hyundai i10 Sportz 1.2 Petrol,2.26 Lakh,2010,59K km,Petrol,"Spinny Hub, Seawoods, Navi Mumbai"
Maruti Suzuki Baleno Zeta Petrol,5.29 Lakh,2016,80K km,Petrol,"Spinny Hub, Neelkanth Business Park, Vidyavihar, Mumbai"
Maruti Suzuki Baleno Alpha Petrol,5.53 Lakh,2015,39K km,Petrol,"Spinny Hub, Kohinoor Square Mall, Dadar, Mumbai"
Hyundai Grand i10 Asta 1.2 Kappa VTVT,4.39 Lakh,2014,41K km,Petrol,"Spinny Hub, Neelkanth Business Park, Vidyavihar, Mumbai"
Ford Figo Aspire Titanium Plus 1.5 TDCi,6.61 Lakh,2019,54K km,Diesel,"Spinny Hub, Korum Mall, Thane"
Volkswagen Polo Trendline 1.0 (P),5.14 Lakh,2018,20K km,Petrol,"Spinny Hub, Kohinoor Square Mall, Dadar, Mumbai"
Hyundai Creta 1.6 SX Plus Petrol,8.10 Lakh,2016,84K km,Petrol,"Spinny Hub, Neelkanth Business Park, Vidyavihar, Mumbai"
Maruti Suzuki Baleno Alpha Petrol,7.84 Lakh,2021,56K km,Petrol,"Spinny Hub, Kohinoor Square Mall, Dadar, Mumbai"
Hyundai Creta 1.6 SX AT,12.97 Lakh,2018,67K km,Diesel,"Spinny Hub, Seawoods, Navi Mumbai"
Hyundai Grand i10 Asta 1.2 Kappa VTVT,5.30 Lakh,2017,57K km,Petrol,"Spinny Hub, Seawoods, Navi Mumbai"
Hyundai Creta 1.4 S,8.84 Lakh,2016,65K km,Diesel,"Spinny Hub, Seawoods, Navi Mumbai"
Maruti Suzuki Ciaz ZXI+,6.24 Lakh,2016,63K km,Petrol,"Spinny Hub, Neelkanth Business Park, Vidyavihar, Mumbai"
Hyundai Creta 1.6 S Petrol,7.77 Lakh,2016,62K km,Petrol,"Spinny Hub, Neelkanth Business Park, Vidyavihar, Mumbai"
Tata Nexon XZA Plus (O) AMT,9.98 Lakh,2020,58K km,Petrol,"Spinny Hub, Korum Mall, Thane"
Skoda Rapid New Rider Plus Petrol AT,8.38 Lakh,2021,19K km,Petrol,"Spinny Hub, Seawoods, Navi Mumbai"
Hyundai Grand i10 Sportz 1.2 Kappa VTVT,4.14 Lakh,2016,41K km,Petrol,"Spinny Hub, Seawoods, Navi Mumbai"
Hyundai Elite i20 Sportz 1.2,5.54 Lakh,2016,24K km,Petrol,"Spinny Hub, Kohinoor Square Mall, Dadar, Mumbai"
Hyundai Verna 1.6 VTVT SX (O),7.95 Lakh,2017,38K km,Petrol,"Spinny Hub, Neelkanth Business Park, Vidyavihar, Mumbai"
Hyundai Grand i10 Sportz (O) 1.2 kappa VTVT,5.09 Lakh,2017,14K km,Petrol,"Spinny Hub, Seawoods, Navi Mumbai"
Hyundai Venue SX Plus 1.0 Turbo DCT,10.12 Lakh,2019,23K km,Petrol,"Spinny Hub, Seawoods, Navi Mumbai"
Hyundai Grand i10 Magna 1.2 Kappa VTVT,3.96 Lakh,2016,49K km,Petrol,"Spinny Hub, Kohinoor Square Mall, Dadar, Mumbai"
Hyundai Elite i20 Sportz 1.2,4.67 Lakh,2017,40K km,Petrol,"Spinny Hub, Kohinoor Square Mall, Dadar, Mumbai"
Maruti Suzuki Baleno Alpha Petrol,8.90 Lakh,2022,3K km,Petrol,"Spinny Hub, Neelkanth Business Park, Vidyavihar, Mumbai"
Renault Kwid CLIMBER 1.0 AMT Opt,5.40 Lakh,2021,8K km,Petrol,"Spinny Hub, Kohinoor Square Mall, Dadar, Mumbai"
Hyundai Verna 1.6 VTVT SX (O) AT,8.69 Lakh,2019,109K km,Petrol,"Spinny Hub, Seawoods, Navi Mumbai"
Maruti Suzuki Baleno Zeta Diesel,5.78 Lakh,2018,120K km,Diesel,"Spinny Hub, Seawoods, Navi Mumbai"
Hyundai Elite i20 Asta 1.2,5.58 Lakh,2015,28K km,Petrol,"Spinny Hub, Korum Mall, Thane"
Renault Kwid 1.0 Marvel ironman Edition,3.40 Lakh,2018,58K km,Petrol,"Spinny Hub, Kohinoor Square Mall, Dadar, Mumbai"
Maruti Suzuki Alto 800 LXI,3.54 Lakh,2019,17K km,Petrol,"Spinny Hub, Kohinoor Square Mall, Dadar, Mumbai"
Maruti Suzuki Wagon R 1.0 LXI CNG,6.87 Lakh,2023,7K km,Petrol+cng,"Spinny Hub, Seawoods, Navi Mumbai"
Honda City VX,8.79 Lakh,2018,15K km,Petrol,"Spinny Hub, Korum Mall, Thane"
Maruti Suzuki Swift VXI,6.97 Lakh,2022,7K km,Petrol,"Spinny Hub, Seawoods, Navi Mumbai"
Hyundai i20 N Line N8 1.0 Turbo DCT Dual Tone,11.36 Lakh,2021,10K km,Petrol,"Spinny Hub, Kohinoor Square Mall, Dadar, Mumbai"
Hyundai Elite i20 Sportz 1.2,5.91 Lakh,2017,14K km,Petrol,"Spinny Hub, Kohinoor Square Mall, Dadar, Mumbai"
Tata Nexon XM Petrol,8.35 Lakh,2022,9K km,Petrol,"Spinny Hub, Neelkanth Business Park, Vidyavihar, Mumbai"
Toyota Yaris G,7.67 Lakh,2020,25K km,Petrol,"Spinny Hub, Kohinoor Square Mall, Dadar, Mumbai"
Renault Duster RXZ Turbo CVT Petrol,10.93 Lakh,2020,37K km,Petrol,"Spinny Hub, Neelkanth Business Park, Vidyavihar, Mumbai"
Hyundai Creta 1.6 SX VTVT,10.99 Lakh,2018,12K km,Petrol,"Spinny Hub, Kohinoor Square Mall, Dadar, Mumbai"
Maruti Suzuki Swift ZXI AMT,7.79 Lakh,2021,25K km,Petrol,"Spinny Hub, Korum Mall, Thane"
Hyundai Creta S 1.5 Petrol iMT,13.49 Lakh,2022,21K km,Petrol,"Spinny Hub, Korum Mall, Thane"
Hyundai Neo Fluidic Elantra 1.6 SX AT CRDi,5.49 Lakh,2012,91K km,Diesel,"Spinny Hub, Korum Mall, Thane"
Maruti Suzuki Baleno Zeta Petrol,5.35 Lakh,2016,47K km,Petrol,"Spinny Hub, Seawoods, Navi Mumbai"
Honda Brio VX MT,3.39 Lakh,2014,60K km,Petrol,"Spinny Hub, Korum Mall, Thane"
Maruti Suzuki Baleno Zeta Petrol,4.89 Lakh,2016,70K km,Petrol,"Spinny Hub, Seawoods, Navi Mumbai"
Maruti Suzuki Swift Dzire VXI,4.12 Lakh,2013,29K km,Petrol,"Spinny Hub, Neelkanth Business Park, Vidyavihar, Mumbai"
Maruti Suzuki A-Star LXI,1.68 Lakh,2009,74K km,Petrol,"Spinny Hub, Korum Mall, Thane"
Maruti Suzuki Wagon R 1.0 LXI CNG,4.38 Lakh,2017,49K km,Petrol+cng,"Spinny Hub, Korum Mall, Thane"
Tata Nexon XZ Plus Diesel,6.29 Lakh,2017,138K km,Diesel,"Spinny Hub, Korum Mall, Thane"
Volkswagen Taigun Highline 1.0 TSI MT,12.33 Lakh,2021,12K km,Petrol,"Spinny Hub, Neelkanth Business Park, Vidyavihar, Mumbai"
Maruti Suzuki Wagon R 1.0 LXI (O) CNG,5.79 Lakh,2021,24K km,Petrol+cng,"Spinny Hub, Kohinoor Square Mall, Dadar, Mumbai"
Hyundai Grand i10 Sportz 1.2 Kappa VTVT,4.28 Lakh,2016,29K km,Petrol,"Spinny Hub, Seawoods, Navi Mumbai"
Hyundai Grand i10 Nios Sportz 1.2 Kappa VTVT CNG,6.80 Lakh,2020,27K km,Petrol+cng,"Spinny Hub, Neelkanth Business Park, Vidyavihar, Mumbai"
Honda Amaze 1.5 VX i-DTEC,8.10 Lakh,2019,25K km,Diesel,"Spinny Hub, Seawoods, Navi Mumbai"
Hyundai Venue SX 1.0 Turbo,9.70 Lakh,2019,18K km,Petrol,"Spinny Hub, Neelkanth Business Park, Vidyavihar, Mumbai"
Maruti Suzuki Swift ZXI Plus AMT,7.34 Lakh,2020,33K km,Petrol,"Spinny Hub, Seawoods, Navi Mumbai"
Tata Nexon XZA Plus (O) AMT,10.89 Lakh,2020,18K km,Petrol,"Spinny Hub, Seawoods, Navi Mumbai"
Maruti Suzuki Ciaz Alpha Petrol,9.83 Lakh,2022,10K km,Petrol,"Spinny Hub, Seawoods, Navi Mumbai"
Hyundai Grand i10 Nios Magna 1.2 Kappa VTVT,5.70 Lakh,2020,11K km,Petrol,"Spinny Hub, Kohinoor Square Mall, Dadar, Mumbai"
Hyundai Creta 1.6 SX Plus Petrol,8.86 Lakh,2016,33K km,Petrol,"Spinny Hub, Korum Mall, Thane"
Maruti Suzuki Swift ZXI,7.10 Lakh,2021,20K km,Petrol,"Spinny Hub, Neelkanth Business Park, Vidyavihar, Mumbai"
Maruti Suzuki Ciaz VDi +,5.66 Lakh,2015,78K km,Diesel,"Spinny Hub, Neelkanth Business Park, Vidyavihar, Mumbai"
Hyundai Elite i20 Asta 1.2,6.24 Lakh,2018,63K km,Petrol,"Spinny Hub, Seawoods, Navi Mumbai"
Hyundai Creta 1.6 SX,9.29 Lakh,2016,79K km,Diesel,"Spinny Hub, Seawoods, Navi Mumbai"
Hyundai Elite i20 Asta 1.2 Dual Tone,5.99 Lakh,2017,25K km,Petrol,"Spinny Hub, Seawoods, Navi Mumbai"
Skoda Fabia Ambition 1.2 MPI,3.76 Lakh,2013,23K km,Petrol,"Spinny Hub, Kohinoor Square Mall, Dadar, Mumbai"
Hyundai Grand i10 Asta 1.2 Kappa VTVT,4.43 Lakh,2015,65K km,Petrol,"Spinny Hub, Seawoods, Navi Mumbai"
Hyundai Neo Fluidic Elantra 1.8 SX MT VTVT,6.99 Lakh,2015,62K km,Petrol,"Spinny Hub, Neelkanth Business Park, Vidyavihar, Mumbai"
Hyundai Grand i10 Nios Sportz 1.2 Kappa VTVT CNG,6.85 Lakh,2020,41K km,Petrol+cng,"Spinny Hub, Korum Mall, Thane"
Maruti Suzuki Ciaz Alpha Petrol,8.81 Lakh,2019,47K km,Petrol,"Spinny Hub, Kohinoor Square Mall, Dadar, Mumbai"
Maruti Suzuki Wagon R 1.0 VXI (O) AMT,4.49 Lakh,2016,49K km,Petrol,"Spinny Hub, Neelkanth Business Park, Vidyavihar, Mumbai"
MG Motors Hector Plus Sharp 2.0 Diesel Turbo MT 6-STR,16.55 Lakh,2020,36K km,Diesel,"Spinny Hub, Korum Mall, Thane"
Hyundai Grand i10 Sportz 1.2 Kappa VTVT,4.08 Lakh,2016,52K km,Petrol,"Spinny Hub, Neelkanth Business Park, Vidyavihar, Mumbai"
Hyundai Creta 1.6 SX Plus Auto,11.99 Lakh,2017,55K km,Diesel,"Spinny Hub, Seawoods, Navi Mumbai"
Renault Duster RXS Turbo,10.59 Lakh,2021,11K km,Petrol,"Spinny Hub, Kohinoor Square Mall, Dadar, Mumbai"
Honda City V 4th Gen,7.12 Lakh,2017,38K km,Petrol,"Spinny Hub, Kohinoor Square Mall, Dadar, Mumbai"
Kia Seltos GTX Plus AT D,17.89 Lakh,2020,19K km,Diesel,"Spinny Hub, Neelkanth Business Park, Vidyavihar, Mumbai"
Skoda Slavia Style 1.5L TSI MT,16.40 Lakh,2022,12K km,Petrol,"Spinny Hub, Kohinoor Square Mall, Dadar, Mumbai"
Hyundai Grand i10 Nios Sportz 1.2 Kappa VTVT,6.74 Lakh,2021,25K km,Petrol,"Spinny Hub, Seawoods, Navi Mumbai"
Hyundai Creta 1.6 SX Plus Petrol,10.42 Lakh,2017,41K km,Petrol,"Spinny Hub, Seawoods, Navi Mumbai"
Hyundai Grand i10 Magna AT 1.2 Kappa VTVT,4.80 Lakh,2016,18K km,Petrol,"Spinny Hub, Neelkanth Business Park, Vidyavihar, Mumbai"
Hyundai Elite i20 Sportz 1.2,5.19 Lakh,2015,26K km,Petrol,"Spinny Hub, Seawoods, Navi Mumbai"
Maruti Suzuki Swift Dzire VXI,4.10 Lakh,2013,26K km,Petrol,"Spinny Hub, Korum Mall, Thane"
Maruti Suzuki Wagon R 1.0 LXI CNG,3.10 Lakh,2013,62K km,Petrol+cng,"Spinny Hub, Kohinoor Square Mall, Dadar, Mumbai"
Skoda Superb Elegance 1.8 TSI MT,8.01 Lakh,2015,39K km,Petrol,"Spinny Hub, Neelkanth Business Park, Vidyavihar, Mumbai"
Mahindra Marazzo M8,8.62 Lakh,2018,72K km,Diesel,"Spinny Hub, Kohinoor Square Mall, Dadar, Mumbai"
Chevrolet Beat LT Petrol,1.74 Lakh,2012,39K km,Petrol,"Spinny Hub, Seawoods, Navi Mumbai"
Hyundai Elantra 1.6 SX AT,8.42 Lakh,2016,96K km,Diesel,"Spinny Hub, Seawoods, Navi Mumbai"
Maruti Suzuki Wagon R 1.0 LXI CNG,3.28 Lakh,2014,82K km,Petrol+cng,"Spinny Hub, Korum Mall, Thane"
Renault Kwid 1.0 RXT,5.19 Lakh,2022,8K km,Petrol,"Spinny Hub, Neelkanth Business Park, Vidyavihar, Mumbai"
Tata Nexon XZA Plus AMT Petrol,9.98 Lakh,2021,9K km,Petrol,"Spinny Hub, Kohinoor Square Mall, Dadar, Mumbai"
Hyundai Creta 1.6 SX OPT VTVT,10.90 Lakh,2019,60K km,Petrol,"Spinny Hub, Kohinoor Square Mall, Dadar, Mumbai"
Hyundai Elite i20 Sportz Plus 1.2,6.24 Lakh,2019,34K km,Petrol,"Spinny Hub, Korum Mall, Thane"
Maruti Suzuki Wagon R 1.0 LXI CNG,4.32 Lakh,2018,58K km,Petrol+cng,"Spinny Hub, Seawoods, Navi Mumbai"
Maruti Suzuki Swift ZXI Plus,8.10 Lakh,2022,26K km,Petrol,"Spinny Hub, Seawoods, Navi Mumbai"
Hyundai Grand i10 Magna AT 1.2 Kappa VTVT,4.77 Lakh,2016,33K km,Petrol,"Spinny Hub, Seawoods, Navi Mumbai"
Maruti Suzuki Wagon R 1.0 LXI (O) CNG,5.85 Lakh,2021,20K km,Petrol+cng,"Spinny Hub, Neelkanth Business Park, Vidyavihar, Mumbai"
Maruti Suzuki Baleno Alpha Petrol,9.10 Lakh,2022,25K km,Petrol,"Spinny Hub, Kohinoor Square Mall, Dadar, Mumbai"
Skoda Rapid New Style TDI AT,8.59 Lakh,2017,70K km,Diesel,"Spinny Hub, Neelkanth Business Park, Vidyavihar, Mumbai"
Skoda Superb L&K TDI AT,18.44 Lakh,2017,51K km,Diesel,"Spinny Hub, Seawoods, Navi Mumbai"
Maruti Suzuki Wagon R 1.0 LXI CNG,4.49 Lakh,2017,33K km,Petrol+cng,"Spinny Hub, Seawoods, Navi Mumbai"
Datsun Redi-GO T(O) 1.0L Limited Edition,2.70 Lakh,2018,14K km,Petrol,"Spinny Hub, Neelkanth Business Park, Vidyavihar, Mumbai"
Maruti Suzuki Baleno Alpha Petrol+CNG (Outside Fitted),6.05 Lakh,2017,81K km,Petrol+cng,"Spinny Hub, Kohinoor Square Mall, Dadar, Mumbai"
Honda Amaze 1.2 S (O),5.45 Lakh,2018,32K km,Petrol,"Spinny Hub, Korum Mall, Thane"
Maruti Suzuki Alto 800 VXI,2.69 Lakh,2014,20K km,Petrol,"Spinny Hub, Seawoods, Navi Mumbai"
Maruti Suzuki Baleno Zeta Petrol,6.42 Lakh,2018,23K km,Petrol,"Spinny Hub, Seawoods, Navi Mumbai"
Hyundai i20 Asta 1.2 ABS,3.49 Lakh,2011,28K km,Petrol,"Spinny Hub, Korum Mall, Thane"
Hyundai Grand i10 Magna 1.2 Kappa VTVT,4.84 Lakh,2018,14K km,Petrol,"Spinny Hub, Korum Mall, Thane"
Skoda Fabia Classic 1.2 MPI,2.39 Lakh,2010,60K km,Petrol,"Spinny Hub, Neelkanth Business Park, Vidyavihar, Mumbai"
Hyundai Aura SX 1.2 (O) Petrol,6.91 Lakh,2020,23K km,Petrol,"Spinny Hub, Seawoods, Navi Mumbai"
Maruti Suzuki S-Presso VXI Plus AT,4.60 Lakh,2020,21K km,Petrol,"Spinny Hub, Kohinoor Square Mall, Dadar, Mumbai"
MG Motors Hector Plus Sharp 1.5 Petrol Turbo Hybrid MT 6-STR,16.23 Lakh,2020,10K km,Petrol,"Spinny Hub, Kohinoor Square Mall, Dadar, Mumbai"
Ford Freestyle Titanium 1.2,5.96 Lakh,2020,9K km,Petrol,"Spinny Hub, Kohinoor Square Mall, Dadar, Mumbai"
Hyundai Creta 1.6 SX Plus Petrol,8.80 Lakh,2016,40K km,Petrol,"Spinny Hub, Neelkanth Business Park, Vidyavihar, Mumbai"
Maruti Suzuki Dzire ZXI AMT,6.17 Lakh,2017,45K km,Petrol,"Spinny Hub, Korum Mall, Thane"
Hyundai Verna 1.6 VTVT SX,7.85 Lakh,2017,40K km,Petrol,"Spinny Hub, Kohinoor Square Mall, Dadar, Mumbai"
Hyundai Creta 1.6 SX Plus Auto Petrol,11.52 Lakh,2018,29K km,Petrol,"Spinny Hub, Korum Mall, Thane"
Kia Sonet GTX Plus 1.5 AT,13.10 Lakh,2020,41K km,Diesel,"Spinny Hub, Seawoods, Navi Mumbai"
Renault Duster RXS Opt CVT,8.34 Lakh,2019,25K km,Petrol,"Spinny Hub, Seawoods, Navi Mumbai"
Maruti Suzuki Wagon R 1.0 LXI CNG,5.58 Lakh,2019,21K km,Petrol+cng,"Spinny Hub, Kohinoor Square Mall, Dadar, Mumbai"
Maruti Suzuki Dzire ZXI Plus,8.99 Lakh,2023,1K km,Petrol,"Spinny Hub, Neelkanth Business Park, Vidyavihar, Mumbai"
Toyota Etios VX D,5.10 Lakh,2013,49K km,Diesel,"Spinny Hub, Korum Mall, Thane"
Maruti Suzuki Swift Dzire VXI,3.81 Lakh,2014,60K km,Petrol,"Spinny Hub, Seawoods, Navi Mumbai"
Hyundai New Santro 1.1 Asta MT,4.12 Lakh,2018,61K km,Petrol,"Spinny Hub, Neelkanth Business Park, Vidyavihar, Mumbai"
Maruti Suzuki Baleno Zeta Petrol,7.39 Lakh,2021,11K km,Petrol,"Spinny Hub, Korum Mall, Thane"
Maruti Suzuki Swift VXI,4.46 Lakh,2016,40K km,Petrol,"Spinny Hub, Seawoods, Navi Mumbai"
Hyundai Elite i20 Asta 1.2,4.99 Lakh,2014,33K km,Petrol,"Spinny Hub, Neelkanth Business Park, Vidyavihar, Mumbai"
Skoda Octavia Ambition 1.4 TSI,8.39 Lakh,2016,86K km,Petrol,"Spinny Hub, Seawoods, Navi Mumbai"
Kia Seltos GTX Plus,16.14 Lakh,2020,29K km,Petrol,"Spinny Hub, Korum Mall, Thane"
Nissan Magnite XV Premium Turbo CVT (O) Dual Tone,9.77 Lakh,2021,8K km,Petrol,"Spinny Hub, Korum Mall, Thane"
Honda WR-V i-DTEC VX,8.33 Lakh,2018,52K km,Diesel,"Spinny Hub, Neelkanth Business Park, Vidyavihar, Mumbai"
Volkswagen Taigun Comfortline 1.0 TSI MT,10.77 Lakh,2022,10K km,Petrol,"Spinny Hub, Neelkanth Business Park, Vidyavihar, Mumbai"
Hyundai Creta 1.6 SX Plus Petrol,8.63 Lakh,2016,58K km,Petrol,"Spinny Hub, Neelkanth Business Park, Vidyavihar, Mumbai"
Kia Seltos HTX G,11.85 Lakh,2019,38K km,Petrol,"Spinny Hub, Neelkanth Business Park, Vidyavihar, Mumbai"
Tata Nexon XM Petrol,8.12 Lakh,2020,12K km,Petrol,"Spinny Hub, Neelkanth Business Park, Vidyavihar, Mumbai"
Hyundai Creta 1.6 SX Plus Auto Petrol,9.47 Lakh,2016,39K km,Petrol,"Spinny Hub, Korum Mall, Thane"
Renault Triber RXZ AMT Dual Tone,7.39 Lakh,2021,15K km,Petrol,"Spinny Hub, Korum Mall, Thane"
Kia Seltos HTK Plus G,12.40 Lakh,2021,15K km,Petrol,"Spinny Hub, Korum Mall, Thane"
Hyundai Verna SX IVT Petrol,11.74 Lakh,2020,29K km,Petrol,"Spinny Hub, Korum Mall, Thane"
Hyundai Creta 1.6 SX Plus Auto,11.99 Lakh,2017,61K km,Diesel,"Spinny Hub, Korum Mall, Thane"
Honda City V CVT,8.57 Lakh,2019,34K km,Petrol,"Spinny Hub, Kohinoor Square Mall, Dadar, Mumbai"
Hyundai Creta 1.6 SX (O),9.71 Lakh,2017,58K km,Diesel,"Spinny Hub, Seawoods, Navi Mumbai"
Honda WR-V VX i-VTEC,6.28 Lakh,2017,29K km,Petrol,"Spinny Hub, Korum Mall, Thane"
Hyundai Elite i20 Asta 1.2,5.37 Lakh,2015,44K km,Petrol,"Spinny Hub, Neelkanth Business Park, Vidyavihar, Mumbai"
Ford Fiesta Trend Petrol,2.95 Lakh,2012,25K km,Petrol,"Spinny Hub, Neelkanth Business Park, Vidyavihar, Mumbai"
Honda Amaze 1.5 V CVT i-DTEC,6.79 Lakh,2018,85K km,Diesel,"Spinny Hub, Kohinoor Square Mall, Dadar, Mumbai"
Maruti Suzuki Ciaz ZXI,5.89 Lakh,2015,37K km,Petrol,"Spinny Hub, Korum Mall, Thane"
Maruti Suzuki Wagon R 1.0 LXI CNG,4.19 Lakh,2017,56K km,Petrol+cng,"Spinny Hub, Korum Mall, Thane"
Maruti Suzuki S-Cross Alpha 1.3,6.57 Lakh,2015,51K km,Diesel,"Spinny Hub, Korum Mall, Thane"
Tata Harrier XZA,19.84 Lakh,2022,17K km,Diesel,"Spinny Hub, Kohinoor Square Mall, Dadar, Mumbai"
Maruti Suzuki Eeco AC CNG 5 STR,5.48 Lakh,2019,20K km,Petrol+cng,"Spinny Hub, Kohinoor Square Mall, Dadar, Mumbai"
Hyundai Elite i20 Asta 1.2 (O),6.99 Lakh,2019,44K km,Petrol,"Spinny Hub, Korum Mall, Thane"
Toyota Innova Crysta 2.8 ZX AT 7 STR,18.29 Lakh,2017,58K km,Diesel,"Spinny Hub, Seawoods, Navi Mumbai"
Maruti Suzuki Celerio VXI (O) CNG,5.67 Lakh,2021,15K km,Petrol+cng,"Spinny Hub, Korum Mall, Thane"
Hyundai Grand i10 Sportz 1.2 Kappa VTVT,4.80 Lakh,2018,24K km,Petrol,"Spinny Hub, Neelkanth Business Park, Vidyavihar, Mumbai"
Maruti Suzuki Baleno Zeta Petrol,7.34 Lakh,2020,14K km,Petrol,"Spinny Hub, Neelkanth Business Park, Vidyavihar, Mumbai"
Maruti Suzuki Baleno Alpha AT Petrol,9.99 Lakh,2023,6K km,Petrol,"Spinny Hub, Korum Mall, Thane"
Honda WR-V VX i-VTEC,7.17 Lakh,2018,48K km,Petrol,"Spinny Hub, Seawoods, Navi Mumbai"
Honda Amaze 1.2 VX CVT i-VTEC,8.30 Lakh,2021,8K km,Petrol,"Spinny Hub, Seawoods, Navi Mumbai"
Maruti Suzuki Baleno Alpha Petrol,7.51 Lakh,2020,31K km,Petrol,"Spinny Hub, Korum Mall, Thane"
Volkswagen Taigun Highline 1.0 TSI MT,12.80 Lakh,2022,18K km,Petrol,"Spinny Hub, Kohinoor Square Mall, Dadar, Mumbai"
Hyundai Grand i10 Asta 1.2 Kappa VTVT,5.17 Lakh,2018,6K km,Petrol,"Spinny Hub, Seawoods, Navi Mumbai"
Fiat Punto Evo Dynamic 1.2L Fire,2.50 Lakh,2016,34K km,Petrol,"Spinny Hub, Neelkanth Business Park, Vidyavihar, Mumbai"
Hyundai Grand i10 Nios Sportz 1.2 Kappa VTVT CNG,7.07 Lakh,2022,9K km,Petrol+cng,"Spinny Hub, Korum Mall, Thane"
Hyundai Neo Fluidic Elantra 1.6 SX AT CRDi,5.39 Lakh,2013,101K km,Diesel,"Spinny Hub, Korum Mall, Thane"
Maruti Suzuki S-Presso VXI Opt CNG,5.02 Lakh,2022,12K km,Petrol+cng,"Spinny Hub, Seawoods, Navi Mumbai"
Toyota Yaris J CVT,8.55 Lakh,2020,30K km,Petrol,"Spinny Hub, Kohinoor Square Mall, Dadar, Mumbai"
Skoda Fabia Elegance 1.6 MPI Petrol + CNG (Outside Fitted ),2.79 Lakh,2011,78K km,Petrol+cng,"Spinny Hub, Seawoods, Navi Mumbai"
Volkswagen Polo Comfortline 1.2L (P),4.40 Lakh,2015,77K km,Petrol,"Spinny Hub, Seawoods, Navi Mumbai"
Maruti Suzuki Dzire VXI AMT,6.49 Lakh,2018,36K km,Petrol,"Spinny Hub, Seawoods, Navi Mumbai"
Maruti Suzuki Wagon R 1.0 LXI (O) CNG,5.98 Lakh,2021,34K km,Petrol+cng,"Spinny Hub, Neelkanth Business Park, Vidyavihar, Mumbai"
Hyundai Elantra 2.0 SX(O) AT,12.83 Lakh,2018,42K km,Petrol,"Spinny Hub, Kohinoor Square Mall, Dadar, Mumbai"
Honda City ZX CVT,9.92 Lakh,2018,34K km,Petrol,"Spinny Hub, Korum Mall, Thane"
Volkswagen Ameo Comfortline 1.5L (D),5.99 Lakh,2018,54K km,Diesel,"Spinny Hub, Korum Mall, Thane"
Hyundai New Santro 1.1 Sportz AMT,5.44 Lakh,2020,33K km,Petrol,"Spinny Hub, Seawoods, Navi Mumbai"
Hyundai Grand i10 Sportz 1.2 Kappa VTVT CNG (Outside Fitted),5.79 Lakh,2019,8K km,Petrol+cng,"Spinny Hub, Neelkanth Business Park, Vidyavihar, Mumbai"
Hyundai Elite i20 Magna 1.2,4.69 Lakh,2015,48K km,Petrol,"Spinny Hub, Korum Mall, Thane"
Maruti Suzuki Swift ZXI AMT,6.55 Lakh,2018,39K km,Petrol,"Spinny Hub, Kohinoor Square Mall, Dadar, Mumbai"
Hyundai Grand i10 Sportz 1.2 Kappa VTVT,4.63 Lakh,2017,20K km,Petrol,"Spinny Hub, Korum Mall, Thane"
Renault Triber RXZ AMT,6.79 Lakh,2020,16K km,Petrol,"Spinny Hub, Neelkanth Business Park, Vidyavihar, Mumbai"
Renault Kiger RXT Turbo CVT,8.69 Lakh,2021,10K km,Petrol,"Spinny Hub, Seawoods, Navi Mumbai"
Toyota Etios Liva G,3.49 Lakh,2013,35K km,Petrol,"Spinny Hub, Korum Mall, Thane"
Hyundai Elite i20 Sportz 1.2,6.29 Lakh,2018,27K km,Petrol,"Spinny Hub, Neelkanth Business Park, Vidyavihar, Mumbai"
Hyundai Elite i20 Sportz 1.2,5.27 Lakh,2016,48K km,Petrol,"Spinny Hub, Seawoods, Navi Mumbai"
Hyundai Grand i10 Asta 1.2 Kappa VTVT,4.13 Lakh,2014,49K km,Petrol,"Spinny Hub, Korum Mall, Thane"
Maruti Suzuki Dzire ZXI AMT,6.14 Lakh,2017,38K km,Petrol,"Spinny Hub, Kohinoor Square Mall, Dadar, Mumbai"
Hyundai Elite i20 Sportz 1.2,4.74 Lakh,2015,48K km,Petrol,"Spinny Hub, Kohinoor Square Mall, Dadar, Mumbai"
Honda City VX,6.31 Lakh,2015,47K km,Petrol,"Spinny Hub, Kohinoor Square Mall, Dadar, Mumbai"
Ford Freestyle Trend Plus 1.2 Ti-VCT,5.93 Lakh,2019,22K km,Petrol,"Spinny Hub, Seawoods, Navi Mumbai"
Hyundai New Santro 1.1 Asta MT,4.79 Lakh,2019,18K km,Petrol,"Spinny Hub, Seawoods, Navi Mumbai"
Hyundai Eon Magna +,3.79 Lakh,2018,18K km,Petrol,"Spinny Hub, Seawoods, Navi Mumbai"
Skoda Superb L&K TSI AT,15.75 Lakh,2017,57K km,Petrol,"Spinny Hub, Neelkanth Business Park, Vidyavihar, Mumbai"
Hyundai Creta 1.6 SX OPT VTVT,11.20 Lakh,2018,64K km,Petrol,"Spinny Hub, Kohinoor Square Mall, Dadar, Mumbai"
Hyundai Grand i10 Asta 1.2 Kappa VTVT,5.08 Lakh,2018,29K km,Petrol,"Spinny Hub, Neelkanth Business Park, Vidyavihar, Mumbai"
Hyundai Elite i20 Sportz 1.2,6.27 Lakh,2018,23K km,Petrol,"Spinny Hub, Kohinoor Square Mall, Dadar, Mumbai"
Honda WR-V i-DTEC VX,8.18 Lakh,2019,63K km,Diesel,"Spinny Hub, Kohinoor Square Mall, Dadar, Mumbai"
Hyundai Creta 1.6 SX Plus Auto Petrol,8.51 Lakh,2016,47K km,Petrol,"Spinny Hub, Kohinoor Square Mall, Dadar, Mumbai"
Hyundai Creta 1.4 E +,9.06 Lakh,2017,46K km,Diesel,"Spinny Hub, Korum Mall, Thane"
Hyundai Grand i10 Nios Sportz 1.2 Kappa VTVT CNG,7.08 Lakh,2021,31K km,Petrol+cng,"Spinny Hub, Neelkanth Business Park, Vidyavihar, Mumbai"
Renault Kwid RXL,2.99 Lakh,2016,18K km,Petrol,"Spinny Hub, Seawoods, Navi Mumbai"
Hyundai Grand i10 Sportz (O) 1.2 kappa VTVT,5.24 Lakh,2017,28K km,Petrol,"Spinny Hub, Seawoods, Navi Mumbai"
Renault Kiger RXZ MT Dual Tone,7.59 Lakh,2021,9K km,Petrol,"Spinny Hub, Kohinoor Square Mall, Dadar, Mumbai"
Ford Freestyle Titanium 1.2,6.04 Lakh,2019,46K km,Petrol,"Spinny Hub, Neelkanth Business Park, Vidyavihar, Mumbai"
Volkswagen Vento Highline Diesel AT,7.34 Lakh,2016,63K km,Diesel,"Spinny Hub, Korum Mall, Thane"
Hyundai Creta 1.6 SX Plus Petrol,7.43 Lakh,2015,49K km,Petrol,"Spinny Hub, Korum Mall, Thane"
Hyundai Fluidic Verna 4S 1.6 CRDi SX AT,8.31 Lakh,2015,53K km,Diesel,"Spinny Hub, Kohinoor Square Mall, Dadar, Mumbai"
Maruti Suzuki S-Presso VXI AMT,4.54 Lakh,2020,37K km,Petrol,"Spinny Hub, Seawoods, Navi Mumbai"
Ford EcoSport Trend 1.5L TDCi,9.27 Lakh,2021,11K km,Diesel,"Spinny Hub, Korum Mall, Thane"
Skoda Superb Elegance TDI AT,11.49 Lakh,2015,72K km,Diesel,"Spinny Hub, Neelkanth Business Park, Vidyavihar, Mumbai"
Hyundai Creta SX+ SE,10.27 Lakh,2018,57K km,Petrol,"Spinny Hub, Neelkanth Business Park, Vidyavihar, Mumbai"
Volkswagen Taigun Highline 1.0 TSI MT,12.22 Lakh,2021,8K km,Petrol,"Spinny Hub, Seawoods, Navi Mumbai"
Hyundai Eon Era +,2.60 Lakh,2015,33K km,Petrol,"Spinny Hub, Neelkanth Business Park, Vidyavihar, Mumbai"
Mercedes-Benz GLA 200 CDI Sport,19.50 Lakh,2016,56K km,Diesel,"Spinny Hub, Kohinoor Square Mall, Dadar, Mumbai"
BMW 5 Series 520d Luxury Line,47.50 Lakh,2020,11K km,Diesel,"Spinny Hub, Kohinoor Square Mall, Dadar, Mumbai"
Maruti Suzuki Dzire ZXI AMT,6.65 Lakh,2018,20K km,Petrol,"Spinny Hub, Neelkanth Business Park, Vidyavihar, Mumbai"
Hyundai Grand i10 Asta AT 1.2 Kappa VTVT,3.61 Lakh,2014,45K km,Petrol,"Spinny Hub, Neelkanth Business Park, Vidyavihar, Mumbai"
Maruti Suzuki Baleno Sigma Petrol,6.45 Lakh,2022,3K km,Petrol,"Spinny Hub, Neelkanth Business Park, Vidyavihar, Mumbai"
Toyota Glanza V CVT,7.74 Lakh,2020,28K km,Petrol,"Spinny Hub, Neelkanth Business Park, Vidyavihar, Mumbai"
Maruti Suzuki S-Cross Zeta 1.3,6.70 Lakh,2017,47K km,Diesel,"Spinny Hub, Kohinoor Square Mall, Dadar, Mumbai"
Hyundai Eon Magna +,2.75 Lakh,2015,19K km,Petrol,"Spinny Hub, Korum Mall, Thane"
Hyundai Grand i10 Magna 1.2 Kappa VTVT,3.32 Lakh,2014,74K km,Petrol,"Spinny Hub, Neelkanth Business Park, Vidyavihar, Mumbai"
Tata Punch Adventure Rhythm Pack AMT,7.32 Lakh,2022,5K km,Petrol,"Spinny Hub, Korum Mall, Thane"
Renault Kwid 1.0 RXT AMT,2.94 Lakh,2016,53K km,Petrol,"Spinny Hub, Korum Mall, Thane"
Honda City ZX CVT,14.12 Lakh,2021,11K km,Petrol,"Spinny Hub, Kohinoor Square Mall, Dadar, Mumbai"
Volkswagen Polo Comfortline 1.2L (P),3.29 Lakh,2013,27K km,Petrol,"Spinny Hub, Kohinoor Square Mall, Dadar, Mumbai"
Maruti Suzuki Ciaz Alpha AT Petrol,8.45 Lakh,2018,24K km,Petrol,"Spinny Hub, Kohinoor Square Mall, Dadar, Mumbai"
Hyundai Eon Sportz,2.18 Lakh,2012,30K km,Petrol,"Spinny Hub, Korum Mall, Thane"
Maruti Suzuki Wagon R 1.0 VXI,3.15 Lakh,2013,22K km,Petrol,"Spinny Hub, Kohinoor Square Mall, Dadar, Mumbai"
Renault Kwid RXT,2.92 Lakh,2016,47K km,Petrol,"Spinny Hub, Seawoods, Navi Mumbai"
Volkswagen Polo Highline1.2L (P),4.39 Lakh,2015,39K km,Petrol,"Spinny Hub, Neelkanth Business Park, Vidyavihar, Mumbai"
Maruti Suzuki S-Cross Alpha 1.6,6.55 Lakh,2015,57K km,Diesel,"Spinny Hub, Neelkanth Business Park, Vidyavihar, Mumbai"
Renault Kwid CLIMBER 1.0 AMT,3.13 Lakh,2017,40K km,Petrol,"Spinny Hub, Korum Mall, Thane"
Hyundai i20 Asta (O) 1.4 AT with sunroof,2.69 Lakh,2009,46K km,Petrol,"Spinny Hub, Seawoods, Navi Mumbai"
Ford EcoSport Titanium 1.0L Ecoboost,4.36 Lakh,2014,30K km,Petrol,"Spinny Hub, Neelkanth Business Park, Vidyavihar, Mumbai"
Maruti Suzuki Wagon R 1.0 LXI CNG,4.67 Lakh,2018,22K km,Petrol+cng,"Spinny Hub, Korum Mall, Thane"
Renault Kiger RXZ Turbo CVT,9.39 Lakh,2021,13K km,Petrol,"Spinny Hub, Korum Mall, Thane"
Kia Seltos HTK Plus G,10.71 Lakh,2019,43K km,Petrol,"Spinny Hub, Seawoods, Navi Mumbai"
Maruti Suzuki Swift VXI,6.34 Lakh,2021,22K km,Petrol,"Spinny Hub, Neelkanth Business Park, Vidyavihar, Mumbai"
Mahindra KUV100 K6 6 STR,3.81 Lakh,2016,10K km,Petrol,"Spinny Hub, Seawoods, Navi Mumbai"
Honda City ZX,10.54 Lakh,2020,27K km,Petrol,"Spinny Hub, Seawoods, Navi Mumbai"
Honda Civic ZX CVT Petrol,15.95 Lakh,2020,35K km,Petrol,"Spinny Hub, Seawoods, Navi Mumbai"
Honda City SV,4.60 Lakh,2014,61K km,Petrol,"Spinny Hub, Kohinoor Square Mall, Dadar, Mumbai"
Volkswagen Jetta Highline TDI,7.18 Lakh,2015,87K km,Diesel,"Spinny Hub, Neelkanth Business Park, Vidyavihar, Mumbai"
Maruti Suzuki Swift Dzire VXI,3.78 Lakh,2013,81K km,Petrol,"Spinny Hub, Kohinoor Square Mall, Dadar, Mumbai"
Maruti Suzuki Swift Dzire VXI,4.55 Lakh,2014,21K km,Petrol,"Spinny Hub, Neelkanth Business Park, Vidyavihar, Mumbai"
Maruti Suzuki Estilo VXI,2.14 Lakh,2013,51K km,Petrol,"Spinny Hub, Neelkanth Business Park, Vidyavihar, Mumbai"
Hyundai Grand i10 Asta AT 1.2 Kappa VTVT,4.84 Lakh,2014,6K km,Petrol,"Spinny Hub, Kohinoor Square Mall, Dadar, Mumbai"
Renault Kiger RXZ Turbo CVT Dual Tone,9.16 Lakh,2021,18K km,Petrol,"Spinny Hub, Kohinoor Square Mall, Dadar, Mumbai"
Honda City V 4th Gen,6.51 Lakh,2017,42K km,Petrol,"Spinny Hub, Korum Mall, Thane"
Hyundai Venue S+ 1.2,8.53 Lakh,2021,26K km,Petrol,"Spinny Hub, Korum Mall, Thane"
Maruti Suzuki Baleno Delta Petrol,5.50 Lakh,2017,26K km,Petrol,"Spinny Hub, Seawoods, Navi Mumbai"
Toyota Innova Crysta 2.4 G,17.35 Lakh,2017,44K km,Diesel,"Spinny Hub, Neelkanth Business Park, Vidyavihar, Mumbai"
Maruti Suzuki Baleno Alpha Petrol,5.76 Lakh,2017,42K km,Petrol,"Spinny Hub, Kohinoor Square Mall, Dadar, Mumbai"
Hyundai Creta 1.6 SX Plus Auto Petrol,9.93 Lakh,2017,57K km,Petrol,"Spinny Hub, Seawoods, Navi Mumbai"
Renault Kwid CLIMBER 1.0 AMT,4.15 Lakh,2018,16K km,Petrol,"Spinny Hub, Kohinoor Square Mall, Dadar, Mumbai"
Hyundai Creta S Petrol,11.75 Lakh,2020,23K km,Petrol,"Spinny Hub, Kohinoor Square Mall, Dadar, Mumbai"
